DATE,MAX_TEMPERATURE_C,MIN_TEMPERATURE_C,WINDSPEED_MAX_KMH,TEMPERATURE_MORNING_C,TEMPERATURE_NOON_C,TEMPERATURE_EVENING_C,PRECIP_TOTAL_DAY_MM,HUMIDITY_MAX_PERCENT,VISIBILITY_AVG_KM,PRESSURE_MAX_MB,CLOUDCOVER_AVG_PERCENT,HEATINDEX_MAX_C,DEWPOINT_MAX_C,WINDTEMP_MAX_C,WEATHER_CODE_MORNING,WEATHER_CODE_NOON,WEATHER_CODE_EVENING,TOTAL_SNOW_MM,UV_INDEX,SUNHOUR,OPINION,SUNSET,SUNRISE,TEMPERATURE_NIGHT_C
01/01/2021,3,2,7,2,3,3,0.5,86,7.75,1014,82.625,3,1,0,116,332,122,0.3,1,3.2,météo très défavorable,17:05:00,08:44:00,2
02/01/2021,5,-1,7,2,4,4,0.1,76,10,1015,54.75,5,2,1,122,116,116,0,1,8.6,météo très défavorable,17:06:00,08:44:00,3
03/01/2021,4,2,10,3,3,3,0.3,92,10,1016,71.375,4,2,0,122,116,119,0,1,8.6,météo très défavorable,17:07:00,08:44:00,3
04/01/2021,3,2,13,2,2,3,1,95,6.875,1015,100,3,2,-2,332,326,332,0.7,1,3.2,météo très défavorable,17:08:00,08:44:00,2
05/01/2021,3,2,14,2,2,3,0.4,94,7.75,1017,98.375,3,1,-2,326,332,371,0.1,1,3.2,météo très défavorable,17:09:00,08:43:00,2
06/01/2021,3,1,11,1,3,2,0.5,95,9.375,1019,96.625,3,1,-2,326,122,368,0.3,1,3.3,météo très défavorable,17:10:00,08:43:00,1
07/01/2021,3,1,7,1,3,2,1,92,6.75,1018,85,3,1,0,122,338,329,0.9,1,3.3,météo très défavorable,17:11:00,08:43:00,2
08/01/2021,3,-4,5,1,2,1,0,88,10,1020,50.375,4,0,-1,116,326,116,0,1,5.1,météo très défavorable,17:13:00,08:42:00,1
09/01/2021,3,1,19,1,2,3,0,90,10,1025,22.75,3,0,-3,116,116,116,0,1,8.7,météo très défavorable,17:14:00,08:42:00,1
10/01/2021,4,0,12,0,2,3,0,88,10,1026,12.5,4,0,-4,116,116,116,0,2,8.7,météo très défavorable,17:15:00,08:41:00,1
11/01/2021,4,1,8,1,3,4,0,84,10,1026,49.75,4,2,0,116,116,122,0,2,5.1,météo très défavorable,17:17:00,08:41:00,2
12/01/2021,9,3,23,6,8,9,17.3,95,8.5,1019,100,9,8,2,296,296,296,0,2,3.3,météo très défavorable,17:18:00,08:40:00,5
13/01/2021,9,5,20,5,7,9,7.2,98,5.25,1021,96.375,9,7,5,119,296,266,0,2,3.3,météo très défavorable,17:19:00,08:40:00,5
14/01/2021,9,8,18,9,9,9,4.4,89,6.625,1021,97.75,9,7,6,266,176,296,0,2,3.3,météo défavorable,17:21:00,08:39:00,8
15/01/2021,5,1,17,3,3,3,0.4,89,9.875,1030,52.125,7,5,-3,176,323,113,0,1,6.9,météo très défavorable,17:22:00,08:38:00,5
16/01/2021,1,-5,15,0,1,-1,10.1,90,9.375,1030,79.75,1,2,-4,116,122,296,0,1,3.3,météo très défavorable,17:24:00,08:38:00,1
17/01/2021,7,1,11,4,5,5,0,93,9,1027,74.375,7,4,1,143,116,119,0,1,6.9,météo très défavorable,17:25:00,08:37:00,4
18/01/2021,6,3,13,3,4,5,0,94,9,1029,59.5,6,2,0,116,116,116,0,1,8.7,météo très défavorable,17:27:00,08:36:00,3
19/01/2021,8,4,23,4,6,7,2.2,84,8,1022,80,8,4,0,119,266,122,0,2,3.3,météo très défavorable,17:28:00,08:35:00,4
20/01/2021,10,5,25,6,8,9,0.2,67,9,1008,86.875,10,4,3,122,119,116,0,2,5.1,météo défavorable,17:30:00,08:34:00,6
21/01/2021,10,0,25,8,8,5,13.6,74,7.375,997,82.375,10,7,3,296,116,266,0,2,5.1,météo défavorable,17:31:00,08:33:00,10
22/01/2021,7,2,12,6,6,5,11.1,86,6.875,995,95.875,7,4,3,176,122,296,0,2,3.4,météo très défavorable,17:33:00,08:32:00,7
23/01/2021,5,0,13,3,5,4,2.6,85,9,1000,64.125,5,3,0,116,122,362,0.7,2,3.4,météo très défavorable,17:34:00,08:31:00,4
24/01/2021,5,-1,20,4,4,4,3.6,79,8.75,1004,42,5,1,0,113,116,119,1.2,2,5.2,météo très défavorable,17:36:00,08:30:00,4
25/01/2021,6,0,21,2,4,5,1.6,86,6.75,1015,64.5,6,0,-2,332,338,116,1.1,1,5.2,météo très défavorable,17:37:00,08:29:00,2
26/01/2021,5,1,13,1,4,4,0.1,84,10,1022,34.375,5,0,-1,116,116,116,0,2,8.7,météo très défavorable,17:39:00,08:28:00,2
27/01/2021,7,2,15,3,6,6,0.6,94,6.375,1020,98.125,8,7,0,122,122,143,0,2,3.4,météo très défavorable,17:41:00,08:27:00,3
28/01/2021,13,8,22,10,12,12,11.8,92,8.625,1015,90,13,10,8,296,302,353,0,3,3.4,météo défavorable,17:42:00,08:26:00,9
29/01/2021,11,9,35,10,10,10,11.2,82,9.25,1007,93.75,11,10,7,302,176,353,0,3,3.5,météo défavorable,17:44:00,08:24:00,11
30/01/2021,12,8,18,9,11,11,17.5,94,8.375,1006,88.875,12,8,6,296,296,353,0,4,3.5,météo très défavorable,17:45:00,08:23:00,8
31/01/2021,9,4,14,6,6,7,3.6,85,6.875,1002,100,9,7,2,266,122,122,0,2,3.5,météo très défavorable,17:47:00,08:22:00,8
01/02/2021,10,6,10,9,10,10,7.1,94,7.125,1004,94,10,8,8,296,266,122,0,2,3.5,météo défavorable,17:49:00,08:20:00,9
02/02/2021,14,7,22,9,13,13,6,92,8.75,1007,93.625,14,9,6,266,296,353,0,4,3.5,météo défavorable,17:50:00,08:19:00,7
03/02/2021,12,9,41,12,11,10,11.5,88,8.75,1009,93.875,12,10,7,353,296,176,0,3,3.5,météo défavorable,17:52:00,08:18:00,12
04/02/2021,10,6,11,7,9,9,0.3,89,9,1013,71.5,10,7,5,119,122,119,0,3,3.5,météo défavorable,17:54:00,08:16:00,7
05/02/2021,11,7,8,8,10,10,0.1,92,9,1013,83.625,11,8,6,116,122,116,0,2,3.5,météo défavorable,17:55:00,08:15:00,9
06/02/2021,10,8,17,8,10,10,10.2,86,9,1010,99,10,9,6,296,176,296,0,2,3.5,météo défavorable,17:57:00,08:13:00,8
07/02/2021,8,3,20,6,5,4,5.1,82,6.125,999,93,8,6,1,266,122,317,0.3,1,3.5,météo très défavorable,17:58:00,08:12:00,7
08/02/2021,2,0,9,0,2,1,0.4,75,9.5,1000,75,2,0,-1,326,116,122,0.3,1,6.6,météo très défavorable,18:00:00,08:10:00,0
09/02/2021,0,-3,11,-3,-1,0,0,76,10,1005,87.125,0,0,-7,122,119,122,0,1,5,météo très défavorable,18:02:00,08:08:00,-2
10/02/2021,-1,-7,22,-4,-2,-3,3.1,77,7,1020,43.875,0,0,-11,338,116,113,2.6,1,10,météo très défavorable,18:03:00,08:07:00,-3
11/02/2021,0,-4,18,-4,-1,0,0,67,10,1026,8.875,0,0,-8,116,116,116,0,2,10,météo très défavorable,18:05:00,08:05:00,-3
12/02/2021,0,-2,26,-2,0,-1,0,40,10,1027,35.75,0,0,-8,116,122,116,0,2,10,météo très défavorable,18:07:00,08:04:00,-2
13/02/2021,1,-4,24,-4,-1,0,0,39,10,1035,18.875,1,0,-10,113,116,116,0,2,10.1,météo très défavorable,18:08:00,08:02:00,-3
14/02/2021,1,-3,18,-3,-1,1,0,51,10,1035,41.125,1,0,-8,116,116,116,0,2,6.7,météo très défavorable,18:10:00,08:00:00,-2
15/02/2021,6,0,17,2,5,5,0.5,83,9.875,1029,54.875,6,4,-2,116,116,176,0,2,8.4,météo très défavorable,18:11:00,07:59:00,2
16/02/2021,9,3,22,4,7,9,0.1,87,9.625,1025,55.625,9,6,1,116,116,122,0,2,8.4,météo très défavorable,18:13:00,07:57:00,4
17/02/2021,10,7,18,7,9,10,0,94,10,1020,73.75,10,6,5,122,122,119,0,3,6.9,météo défavorable,18:15:00,07:55:00,7
18/02/2021,12,7,20,7,11,10,7.3,83,7.5,1015,83.875,12,7,5,122,266,296,0,3,5.3,météo défavorable,18:16:00,07:53:00,7
19/02/2021,12,5,15,5,10,11,0,90,10,1016,40.875,12,8,3,116,116,116,0,3,10.7,météo très défavorable,18:18:00,07:52:00,6
20/02/2021,16,9,21,9,13,15,0,83,10,1013,14.125,16,8,7,116,116,116,0,4,10.7,météo correcte,18:20:00,07:50:00,10
21/02/2021,15,9,14,9,13,15,0,68,10,1013,15.75,15,7,7,116,116,116,0,4,10.7,météo correcte,18:21:00,07:48:00,10
22/02/2021,13,10,18,10,13,13,0.4,62,9.375,1021,41.75,13,8,8,116,116,176,0,4,8.5,météo correcte,18:23:00,07:46:00,11
23/02/2021,15,10,20,10,13,14,0,80,10,1030,24.25,16,10,7,116,116,116,0,4,10.8,météo correcte,18:24:00,07:44:00,11
24/02/2021,19,11,15,11,15,19,0,91,10,1031,6.125,19,12,9,116,116,113,0,5,10.8,météo favorable,18:26:00,07:42:00,13
25/02/2021,16,11,11,11,14,15,0,76,10,1030,28.375,16,11,10,116,116,116,0,4,10.1,météo correcte,18:28:00,07:40:00,12
26/02/2021,11,2,16,9,9,6,2.2,82,9,1035,89,11,8,6,266,176,176,0,2,5.5,météo défavorable,18:29:00,07:38:00,10
27/02/2021,11,5,17,5,9,10,0,73,10,1038,3,11,2,3,116,116,116,0,3,10.9,météo très défavorable,18:31:00,07:37:00,7
28/02/2021,13,6,19,6,10,13,0,78,10,1036,0,13,5,3,113,113,113,0,3,11,météo correcte,18:32:00,07:35:00,7
01/03/2021,14,6,11,6,11,14,0,75,10,1031,0.125,14,7,5,113,113,113,0,4,11,météo correcte,18:34:00,07:33:00,7
02/03/2021,17,6,6,6,13,16,0,90,10,1029,16.125,17,7,6,116,119,116,0,4,11.1,météo correcte,18:36:00,07:31:00,8
03/03/2021,16,9,7,9,13,15,2,78,9.875,1029,35.125,16,9,9,116,116,116,0,4,11.1,météo correcte,18:37:00,07:29:00,10
04/03/2021,12,8,11,10,11,10,2.3,84,9.625,1025,79,12,9,9,176,119,176,0,3,5.6,météo défavorable,18:39:00,07:27:00,11
05/03/2021,7,3,19,3,5,6,0,73,10,1030,43.25,7,2,-2,116,122,113,0,2,10.1,météo très défavorable,18:40:00,07:25:00,5
06/03/2021,9,2,18,2,6,8,0,64,10,1031,0,9,0,-2,113,113,113,0,3,11.2,météo très défavorable,18:42:00,07:23:00,3
07/03/2021,11,4,10,4,9,11,0,60,10,1028,0,11,0,1,113,113,113,0,3,11.2,météo très défavorable,18:44:00,07:21:00,5
08/03/2021,10,3,9,3,7,9,0,76,10,1024,14.875,10,0,0,113,116,116,0,3,11.3,météo très défavorable,18:45:00,07:18:00,5
09/03/2021,12,3,7,3,9,12,0,73,10,1023,23.25,12,2,1,116,116,116,0,2,11.3,météo très défavorable,18:47:00,07:16:00,4
10/03/2021,10,5,20,5,8,9,0.6,83,9.875,1022,71.875,10,3,3,116,122,122,0,2,5.7,météo très défavorable,18:48:00,07:14:00,6
11/03/2021,12,6,27,11,12,11,9.1,86,7.5,1012,91,12,9,9,176,302,353,0,3,5.7,météo défavorable,18:50:00,07:12:00,10
12/03/2021,11,5,27,5,10,10,3.6,73,9.875,1014,71.25,11,4,2,116,122,353,0,2,5.7,météo très défavorable,18:51:00,07:10:00,6
13/03/2021,10,6,35,9,10,8,10.7,70,8.25,1009,88.75,10,4,5,353,299,353,0,2,5.7,météo défavorable,18:53:00,07:08:00,9
14/03/2021,10,5,23,5,9,9,1.2,72,9.875,1020,79.625,10,2,1,119,122,353,0,2,5.7,météo très défavorable,18:54:00,07:06:00,5
15/03/2021,11,7,23,8,10,10,7.6,84,7.5,1023,88,11,6,5,296,266,353,0,2,5.8,météo défavorable,18:56:00,07:04:00,7
16/03/2021,10,6,8,6,10,10,0,82,10,1029,73,10,5,5,116,116,122,0,2,7.2,météo défavorable,18:58:00,07:02:00,7
17/03/2021,9,5,24,6,8,8,0.4,76,10,1030,88,9,5,2,119,176,353,0,2,5.8,météo défavorable,18:59:00,07:00:00,7
18/03/2021,8,4,15,4,6,7,1.6,87,9.875,1030,86.375,8,5,1,176,176,353,0,3,6.2,météo très défavorable,19:01:00,06:57:00,4
19/03/2021,8,3,26,4,7,7,0,83,10,1027,56.875,8,2,0,119,122,119,0,2,10.3,météo très défavorable,19:02:00,06:55:00,4
20/03/2021,10,3,16,3,7,9,0,77,10,1030,20.125,10,1,-1,116,116,116,0,3,11.6,météo très défavorable,19:04:00,06:53:00,4
21/03/2021,11,5,12,5,8,10,0.2,83,10,1029,64.75,11,5,4,119,122,353,0,3,7.6,météo très défavorable,19:05:00,06:51:00,5
22/03/2021,10,4,12,4,8,10,0,84,10,1026,30.25,10,2,1,116,116,116,0,3,11.6,météo très défavorable,19:07:00,06:49:00,4
23/03/2021,14,5,4,5,11,13,0,79,10,1027,36.25,14,5,5,116,116,116,0,4,11.6,météo correcte,19:08:00,06:47:00,6
24/03/2021,16,7,11,7,13,15,0,79,10,1025,34.25,16,6,6,116,116,122,0,4,10.3,météo correcte,19:10:00,06:45:00,9
25/03/2021,15,9,10,9,13,14,0.4,82,10,1021,69.25,15,7,9,119,119,353,0,4,7.7,météo défavorable,19:11:00,06:43:00,10
26/03/2021,11,8,27,8,11,10,2.7,78,9.75,1021,72.5,11,6,5,119,116,296,0,2,7.7,météo défavorable,19:13:00,06:40:00,9
27/03/2021,13,6,12,6,11,13,0,70,10,1029,21.75,13,3,3,116,116,116,0,3,11.6,météo correcte,19:14:00,06:38:00,7
28/03/2021,18,9,18,9,15,18,0,73,10,1025,24,18,10,7,113,116,116,0,4,11.6,météo favorable,19:16:00,06:36:00,10
29/03/2021,21,11,8,11,18,20,0,74,10,1032,9.875,22,6,10,116,116,116,0,5,11.6,météo favorable,19:17:00,06:34:00,11
30/03/2021,24,13,10,13,21,24,0,72,10,1031,11.875,25,13,13,116,113,113,0,5,11.6,météo favorable,19:19:00,06:32:00,13
31/03/2021,24,13,8,13,22,23,0,80,10,1026,4.875,25,14,14,116,113,116,0,6,11.6,météo favorable,19:20:00,06:30:00,16
01/04/2021,24,16,14,16,22,22,0,73,10,1021,4.125,25,11,16,116,116,116,0,6,11.6,météo favorable,19:22:00,06:28:00,17
02/04/2021,14,8,22,8,12,13,0,70,10,1025,0.875,15,7,5,113,113,116,0,4,11.6,météo correcte,19:23:00,06:26:00,10
03/04/2021,13,4,19,4,10,13,0,81,10,1028,26.5,13,3,1,116,119,113,0,3,10.3,météo correcte,19:25:00,06:24:00,6
04/04/2021,17,5,13,5,13,16,0,79,10,1027,1.25,17,6,2,116,113,116,0,4,11.6,météo correcte,19:26:00,06:22:00,6
05/04/2021,11,4,25,6,8,5,0.3,76,10,1019,50.125,11,4,3,116,122,353,0,3,7.8,météo défavorable,19:28:00,06:20:00,8
06/04/2021,6,1,22,1,5,5,0.6,56,10,1022,51.125,6,0,-2,116,362,362,0,2,7.8,météo très défavorable,19:29:00,06:17:00,2
07/04/2021,8,2,18,2,7,7,0.1,68,9.75,1028,26.875,8,0,0,116,116,116,0.1,2,11.6,météo très défavorable,19:31:00,06:15:00,3
08/04/2021,13,4,12,4,11,13,0,70,10,1027,22.75,13,1,3,116,116,116,0,3,11.6,météo correcte,19:32:00,06:13:00,4
09/04/2021,15,6,13,6,13,14,1.7,65,9.75,1019,81.125,15,9,6,116,122,122,0,4,6.6,météo défavorable,19:34:00,06:11:00,7
10/04/2021,11,8,9,9,9,10,35.3,95,7,1012,100,11,9,8,302,302,302,0,2,6.6,météo très défavorable,19:35:00,06:09:00,10
11/04/2021,10,-2,18,9,4,2,13.8,96,6.625,1019,97.875,10,10,-1,143,302,176,0,1,6.7,météo très défavorable,19:37:00,06:07:00,10
12/04/2021,9,1,12,3,8,9,0,85,10,1031,27.875,9,1,1,116,116,116,0,2,9.1,météo très défavorable,19:38:00,06:05:00,3
13/04/2021,11,4,13,4,10,10,0,79,10,1033,41.75,11,2,2,119,116,116,0,3,11.6,météo très défavorable,19:40:00,06:03:00,6
14/04/2021,12,4,15,4,11,11,0,59,10,1032,16,12,0,2,116,116,116,0,3,11.6,météo très défavorable,19:41:00,06:02:00,5
15/04/2021,11,4,15,4,9,10,0,78,10,1030,29.25,11,0,0,116,116,116,0,3,12.1,météo très défavorable,19:43:00,06:00:00,4
16/04/2021,9,3,20,3,8,9,0.1,71,10,1028,56.125,9,2,0,116,116,176,0,3,11,météo très défavorable,19:44:00,05:58:00,4
17/04/2021,13,4,18,4,11,13,0,81,10,1026,19.25,13,2,1,116,116,116,0,2,13.9,météo correcte,19:46:00,05:56:00,4
18/04/2021,12,5,11,5,11,11,0,79,10,1024,74.25,12,4,3,116,119,119,0,2,9.9,météo très défavorable,19:47:00,05:54:00,5
19/04/2021,15,8,8,8,13,14,0.1,74,10,1022,70.625,15,5,6,122,119,176,0,3,11,météo défavorable,19:49:00,05:52:00,8
20/04/2021,16,10,9,10,15,15,0.4,68,10,1018,63.5,16,5,10,116,176,116,0,3,11.1,météo correcte,19:50:00,05:50:00,10
21/04/2021,16,9,16,9,15,15,0,82,10,1020,40.5,16,7,8,116,116,116,0,4,14,météo correcte,19:52:00,05:48:00,9
22/04/2021,14,6,19,6,12,13,0,72,10,1024,5.125,14,3,3,116,116,116,0,4,14.1,météo correcte,19:53:00,05:46:00,7
23/04/2021,17,8,19,8,15,17,0,71,10,1028,0,17,6,5,113,113,113,0,4,14.1,météo correcte,19:55:00,05:44:00,9
24/04/2021,19,9,18,9,17,17,0,63,10,1025,14.125,19,7,7,113,116,116,0,4,14.1,météo favorable,19:56:00,05:43:00,10
25/04/2021,17,7,21,7,15,15,0,69,10,1023,10.375,17,4,5,116,116,116,0,4,14.2,météo correcte,19:58:00,05:41:00,8
26/04/2021,17,6,22,6,14,16,0,66,10,1021,1,17,5,3,116,113,113,0,4,14.2,météo correcte,19:59:00,05:39:00,7
27/04/2021,18,8,14,8,16,17,0,60,10,1011,5,18,4,5,113,116,116,0,4,14.5,météo favorable,20:00:00,05:37:00,9
28/04/2021,18,8,6,8,17,17,0,69,10,1007,19.25,18,5,7,116,116,116,0,4,14.5,météo favorable,20:02:00,05:35:00,9
29/04/2021,12,7,13,7,11,11,0,82,10,1013,50,12,5,4,116,119,122,0,4,12.4,météo défavorable,20:03:00,05:34:00,7
30/04/2021,13,8,8,8,11,12,0,67,10,1015,83.875,13,2,7,122,122,122,0,3,9.2,météo défavorable,20:05:00,05:32:00,8
01/05/2021,15,7,14,7,13,14,0,68,10,1014,28.125,15,4,6,116,116,116,0,4,14.5,météo correcte,20:06:00,05:30:00,8
02/05/2021,14,6,11,6,13,13,0.7,84,10,1022,45.125,14,6,5,116,116,116,0,3,14.5,météo correcte,20:08:00,05:29:00,6
03/05/2021,15,8,17,8,14,14,0.1,79,10,1023,36.625,15,5,8,116,116,116,0,3,14.5,météo correcte,20:09:00,05:27:00,8
04/05/2021,13,8,29,8,13,12,4.9,86,9,1011,82.75,13,7,4,296,293,176,0,4,11.4,météo défavorable,20:11:00,05:25:00,8
05/05/2021,12,7,21,7,12,12,1,74,9.875,1015,54.5,12,4,4,116,353,176,0,3,12.4,météo défavorable,20:12:00,05:24:00,8
06/05/2021,9,0,11,7,8,4,6,92,8.875,1013,86.875,9,7,5,116,176,296,0,2,10.4,météo défavorable,20:13:00,05:22:00,7
07/05/2021,14,7,8,7,12,13,0.5,84,10,1016,74.625,14,5,6,122,176,176,0,3,9.3,météo défavorable,20:15:00,05:20:00,7
08/05/2021,20,7,21,7,15,20,0.1,80,10,1018,39.375,20,12,5,116,176,116,0,4,12.4,météo favorable,20:16:00,05:19:00,8
09/05/2021,23,15,29,15,23,17,2.6,80,9.375,1006,60.125,23,13,14,176,176,176,0,5,10.4,météo correcte,20:18:00,05:17:00,15
10/05/2021,18,12,21,12,18,17,4.1,90,9.75,1009,84.625,18,12,10,296,119,176,0,4,9.4,météo défavorable,20:19:00,05:16:00,13
11/05/2021,15,11,16,11,15,13,0.9,84,9.625,1012,60.125,15,10,11,116,176,176,0,4,9.4,météo correcte,20:20:00,05:14:00,11
12/05/2021,17,9,11,9,16,17,0.1,82,10,1014,34.5,17,7,8,116,116,116,0,3,13.5,météo correcte,20:22:00,05:13:00,9
13/05/2021,15,9,13,9,14,14,6,94,9.5,1011,80.125,15,8,7,296,176,353,0,3,9.4,météo défavorable,20:23:00,05:12:00,11
14/05/2021,12,8,16,8,11,12,4,90,9.75,1010,61.875,12,9,7,116,122,353,0,3,10.5,météo défavorable,20:24:00,05:10:00,8
15/05/2021,15,9,19,9,12,14,3.7,91,8.875,1009,76,15,10,6,353,296,176,0,3,9.5,météo défavorable,20:26:00,05:09:00,9
16/05/2021,16,9,24,10,16,14,2.8,88,9.625,1007,80.25,16,9,7,176,176,176,0,3,9.5,météo défavorable,20:27:00,05:08:00,9
17/05/2021,14,10,22,10,12,13,7.3,86,9.5,1011,91.25,14,10,7,353,353,353,0,3,9.5,météo défavorable,20:28:00,05:06:00,10
18/05/2021,15,9,21,9,13,14,3,91,9.875,1021,96.125,15,9,6,353,353,353,0,3,9.5,météo défavorable,20:30:00,05:05:00,9
19/05/2021,12,9,17,9,11,11,4.6,95,7.625,1022,86.625,12,9,7,353,353,353,0,3,9.5,météo défavorable,20:31:00,05:04:00,9
20/05/2021,18,8,12,9,16,17,0.1,87,10,1026,35.375,18,7,7,116,116,116,0,3,14.5,météo favorable,20:32:00,05:03:00,8
21/05/2021,17,10,29,10,17,16,1.5,83,8,1015,66,17,7,8,266,176,176,0,4,11.5,météo défavorable,20:34:00,05:01:00,11
22/05/2021,13,10,26,10,13,13,5.6,74,9.875,1013,86,13,10,7,176,353,353,0,3,9.6,météo défavorable,20:35:00,05:00:00,10
23/05/2021,15,7,22,8,14,15,0.4,85,10,1016,63.25,15,8,6,116,176,176,0,3,10.8,météo correcte,20:36:00,04:59:00,7
24/05/2021,15,9,24,9,15,13,5,91,9.625,1013,72.75,15,8,6,296,176,353,0,4,9.9,météo défavorable,20:37:00,04:58:00,10
25/05/2021,13,7,26,8,13,12,4.3,84,9.625,1019,87.5,13,10,4,122,122,353,0,3,9.9,météo défavorable,20:38:00,04:57:00,7
26/05/2021,14,9,21,10,14,10,14.4,95,9.125,1018,98.25,14,9,7,296,353,296,0,3,9.9,météo défavorable,20:39:00,04:56:00,10
27/05/2021,21,11,4,14,21,20,0,67,10,1022,25.375,24,11,14,116,113,116,0,5,14.5,météo favorable,20:41:00,04:55:00,11
28/05/2021,19,12,13,12,19,18,0,83,10,1024,26.375,19,11,12,116,116,116,0,5,14.5,météo favorable,20:42:00,04:55:00,12
29/05/2021,21,12,15,13,20,20,0,74,10,1026,43.75,21,10,13,116,116,119,0,5,14.5,météo favorable,20:43:00,04:54:00,12
30/05/2021,21,12,18,13,20,20,0,73,10,1026,36.75,23,12,12,122,116,122,0,5,13.6,météo favorable,20:44:00,04:53:00,12
31/05/2021,21,13,19,15,20,21,0,75,10,1023,2.75,23,12,15,116,113,116,0,5,14.5,météo favorable,20:45:00,04:52:00,13
01/06/2021,25,15,15,15,23,24,0,75,10,1018,4.75,26,15,15,113,116,116,0,6,14.5,météo favorable,20:46:00,04:51:00,15
02/06/2021,20,13,9,16,20,16,5.2,92,9.125,1015,48.5,22,18,16,116,116,296,0,5,11.8,météo favorable,20:47:00,04:51:00,16
03/06/2021,26,17,8,18,25,24,4.6,90,7.625,1021,71.125,27,20,18,143,176,353,0,5,10,météo défavorable,20:48:00,04:50:00,17
04/06/2021,25,17,7,17,25,22,7.6,93,8,1023,59.75,26,19,17,143,176,353,0,5,13.6,météo correcte,20:49:00,04:50:00,17
05/06/2021,19,14,12,14,16,19,1.6,97,8,1026,90.5,19,14,13,266,122,353,0,4,10,météo défavorable,20:49:00,04:49:00,14
06/06/2021,23,13,13,13,21,22,0,80,10,1026,24.625,25,13,13,116,116,116,0,4,14.5,météo favorable,20:50:00,04:49:00,13
07/06/2021,23,15,8,15,22,22,0.1,83,10,1024,52.375,25,13,16,119,116,116,0,5,13.6,météo favorable,20:51:00,04:48:00,15
08/06/2021,24,16,6,16,24,22,0.3,83,10,1025,49.5,25,15,16,116,119,353,0,6,11.8,météo correcte,20:52:00,04:48:00,16
09/06/2021,25,16,5,17,25,24,0.6,79,10,1023,33.75,26,16,17,116,116,176,0,6,14.5,météo favorable,20:53:00,04:47:00,16
10/06/2021,26,17,5,18,26,24,1.1,77,10,1023,40.625,27,17,18,116,116,176,0,6,13.6,météo favorable,20:53:00,04:47:00,17
11/06/2021,27,17,9,17,25,26,0.3,85,9.875,1022,31,27,17,17,116,116,116,0,5,14.5,météo favorable,20:54:00,04:47:00,17
12/06/2021,25,18,13,18,23,25,0,82,10,1024,14.25,26,17,18,116,116,116,0,6,14.5,météo favorable,20:54:00,04:47:00,18
13/06/2021,25,16,16,16,23,24,0,72,10,1027,2,25,15,16,116,116,116,0,6,14.5,météo favorable,20:55:00,04:47:00,16
14/06/2021,29,19,9,19,28,28,0,70,10,1023,3.875,29,18,19,113,113,116,0,7,14.5,météo idéale,20:56:00,04:46:00,19
15/06/2021,29,21,11,21,27,28,0,78,10,1020,9.5,29,18,21,113,116,116,0,7,14.5,météo favorable,20:56:00,04:46:00,21
16/06/2021,30,21,13,21,29,29,0,78,10,1017,11.125,30,19,21,116,116,116,0,7,14.5,météo favorable,20:56:00,04:46:00,21
17/06/2021,29,20,13,20,27,27,7.8,94,8.625,1010,65.5,30,20,20,353,119,116,0,6,10.1,météo défavorable,20:57:00,04:46:00,20
18/06/2021,21,16,24,19,21,17,56.9,95,8.25,1016,79.125,21,18,19,143,176,176,0,4,10.1,météo très défavorable,20:57:00,04:46:00,19
19/06/2021,26,17,15,17,23,24,3.3,78,9.75,1017,54,27,19,17,119,116,116,0,5,12.7,météo favorable,20:57:00,04:46:00,17
20/06/2021,24,17,14,17,23,23,11.9,95,8.375,1007,83.75,25,18,17,302,176,353,0,5,10.1,météo défavorable,20:58:00,04:47:00,18
21/06/2021,23,15,13,17,23,19,2.1,91,9.375,1009,65.25,25,16,17,200,116,176,0,5,12.7,météo défavorable,20:58:00,04:47:00,17
22/06/2021,17,14,13,14,16,16,2.3,95,9.875,1018,90.875,17,16,14,353,176,353,0,4,10.1,météo défavorable,20:58:00,04:47:00,15
23/06/2021,20,14,12,14,20,19,1.4,91,9,1019,85.75,22,14,14,143,122,353,0,5,10.1,météo défavorable,20:58:00,04:47:00,14
24/06/2021,19,14,13,14,19,18,14.1,92,9.125,1020,86.625,19,17,14,176,353,356,0,4,10.1,météo défavorable,20:58:00,04:48:00,15
25/06/2021,23,13,6,13,21,22,0.3,88,8.875,1023,45.125,24,13,13,116,116,116,0,4,14.5,météo favorable,20:58:00,04:48:00,13
26/06/2021,25,14,14,14,22,24,1.6,96,7.625,1019,68.75,26,15,15,296,176,116,0,5,11.8,météo défavorable,20:58:00,04:48:00,14
27/06/2021,19,12,12,17,19,17,3.8,94,8.625,1015,68.25,19,17,17,353,176,293,0,4,10.1,météo défavorable,20:58:00,04:49:00,17
28/06/2021,19,15,9,16,17,18,11.3,96,8.25,1016,80,21,17,15,302,296,263,0,4,10.1,météo défavorable,20:58:00,04:49:00,17
29/06/2021,19,14,16,15,17,18,7.3,97,8.5,1016,78.625,19,15,14,353,302,353,0,4,10.1,météo défavorable,20:58:00,04:50:00,15
30/06/2021,16,13,10,14,16,15,4.7,94,8.5,1017,83.375,16,14,14,176,266,353,0,3,10,météo défavorable,20:58:00,04:51:00,14
01/07/2021,22,14,12,15,21,22,0.2,76,10,1019,46.75,25,15,15,116,116,176,0,4,13.6,météo favorable,20:58:00,04:51:00,14
02/07/2021,24,17,8,18,22,23,0,79,10,1020,18,25,15,18,113,116,116,0,6,14.5,météo favorable,20:57:00,04:52:00,17
03/07/2021,22,18,8,18,19,22,1.9,84,9.875,1015,73.625,25,16,18,353,176,353,0,5,10,météo défavorable,20:57:00,04:53:00,18
04/07/2021,18,16,14,17,18,17,5.6,89,9,1013,76.75,18,17,17,119,353,266,0,4,10,météo défavorable,20:56:00,04:53:00,17
05/07/2021,21,14,16,14,16,21,2.4,93,8,1013,82.25,24,16,14,266,266,353,0,4,10,météo défavorable,20:56:00,04:54:00,15
06/07/2021,23,16,27,18,21,22,17.7,96,8.75,1011,49,25,17,18,305,116,116,0,6,12.7,météo très défavorable,20:56:00,04:55:00,17
07/07/2021,21,15,14,15,21,19,0.4,82,9.875,1019,54.625,24,15,15,116,119,176,0,5,10.9,météo correcte,20:55:00,04:56:00,15
08/07/2021,22,15,14,15,21,21,0.9,92,8.875,1022,68,24,15,15,116,119,353,0,4,10.9,météo défavorable,20:54:00,04:57:00,15
09/07/2021,24,16,10,16,23,23,0.1,87,10,1022,45.625,25,15,16,116,119,116,0,5,14.5,météo correcte,20:54:00,04:57:00,16
10/07/2021,22,17,17,17,21,22,0.8,79,9.75,1020,63,25,14,17,116,116,353,0,5,11.8,météo correcte,20:53:00,04:58:00,17
11/07/2021,25,15,8,15,22,25,0.1,86,10,1017,34,26,14,16,116,116,116,0,5,14.5,météo favorable,20:52:00,04:59:00,15
12/07/2021,20,17,10,17,19,20,1.7,82,9.75,1013,62.25,20,16,17,116,116,176,0,5,11.6,météo correcte,20:52:00,05:00:00,17
13/07/2021,21,15,12,15,19,20,1.9,93,9.875,1015,69.375,23,15,15,353,353,176,0,4,10.7,météo défavorable,20:51:00,05:01:00,15
14/07/2021,20,15,15,15,20,20,1.5,94,7.875,1017,81.875,20,15,15,248,176,353,0,4,9.7,météo défavorable,20:50:00,05:02:00,15
15/07/2021,22,17,21,17,22,20,0.1,81,9.375,1020,73.375,25,15,17,119,119,122,0,5,11.6,météo défavorable,20:49:00,05:03:00,17
16/07/2021,21,16,17,16,19,20,0,85,10,1024,52.875,23,15,16,116,122,116,0,4,11.6,météo correcte,20:48:00,05:04:00,16
17/07/2021,21,15,18,15,19,19,0,89,10,1025,63.875,22,18,14,122,122,119,0,5,9.6,météo correcte,20:47:00,05:06:00,15
18/07/2021,27,17,18,17,26,27,0,84,10,1024,1.75,28,19,17,116,113,113,0,6,14.5,météo idéale,20:46:00,05:07:00,18
19/07/2021,25,17,19,17,24,24,0,74,10,1021,19,26,19,17,116,116,116,0,6,14.5,météo favorable,20:45:00,05:08:00,19
20/07/2021,25,17,15,17,24,24,0,77,10,1021,1.75,26,16,17,116,113,113,0,6,14.5,météo idéale,20:44:00,05:09:00,18
21/07/2021,28,19,14,20,26,27,0,72,10,1022,4.375,28,17,20,116,116,116,0,6,14.5,météo favorable,20:43:00,05:10:00,19
22/07/2021,29,19,14,19,28,27,0,77,10,1022,10.375,29,18,19,116,116,116,0,7,14.5,météo favorable,20:42:00,05:11:00,20
23/07/2021,28,20,21,20,27,27,1,77,10,1018,39.375,28,20,20,113,116,116,0,6,14.5,météo favorable,20:41:00,05:13:00,20
24/07/2021,26,20,13,20,25,25,1.9,86,9.375,1010,63,26,19,20,353,176,116,0,6,11.5,météo correcte,20:40:00,05:14:00,21
25/07/2021,22,17,17,17,21,22,8.1,81,8.625,1010,77.25,25,16,17,116,353,353,0,6,9.5,météo défavorable,20:38:00,05:15:00,19
26/07/2021,24,16,13,16,23,24,3.1,91,9.875,1013,59.625,26,16,16,116,116,353,0,5,11.5,météo correcte,20:37:00,05:16:00,16
27/07/2021,24,18,18,18,24,23,0.8,81,9.75,1013,56.25,25,15,18,116,116,200,0,6,11.5,météo correcte,20:36:00,05:18:00,19
28/07/2021,22,15,19,16,21,22,0.3,85,10,1014,74.25,25,15,16,176,119,176,0,5,10.5,météo défavorable,20:34:00,05:19:00,16
29/07/2021,24,16,14,16,22,24,0,75,10,1015,14.25,25,12,16,116,116,116,0,6,14.5,météo favorable,20:33:00,05:20:00,17
30/07/2021,19,14,19,16,19,18,1.7,71,9.875,1014,52.25,19,14,16,116,116,353,0,5,11.5,météo favorable,20:32:00,05:22:00,17
31/07/2021,23,15,15,15,22,22,0,78,10,1013,31.375,24,12,15,116,116,116,0,6,14.5,météo favorable,20:30:00,05:23:00,16
01/08/2021,22,15,13,15,21,21,0.2,80,10,1013,46.875,24,13,15,176,116,116,0,4,14.5,météo favorable,20:29:00,05:24:00,16
02/08/2021,22,16,15,16,22,21,1.6,80,10,1015,61.875,25,14,16,116,116,353,0,5,11.4,météo correcte,20:27:00,05:26:00,16
03/08/2021,21,15,12,15,20,20,12.7,93,9.25,1014,69.875,22,15,15,356,353,119,0,4,10.4,météo défavorable,20:26:00,05:27:00,16
04/08/2021,22,17,12,17,21,21,0.1,70,10,1013,61.125,24,14,17,116,116,122,0,5,10.4,météo correcte,20:24:00,05:28:00,17
05/08/2021,23,15,18,15,22,21,0.1,81,9.375,1015,58.875,24,12,15,116,116,116,0,5,10.4,météo correcte,20:23:00,05:30:00,15
06/08/2021,22,16,18,16,21,21,1.1,84,10,1007,79.625,24,15,16,176,122,176,0,4,10.4,météo défavorable,20:21:00,05:31:00,16
07/08/2021,20,16,21,16,20,20,1.5,74,9.875,1007,54,20,13,16,116,116,353,0,5,11.4,météo favorable,20:19:00,05:33:00,16
08/08/2021,23,14,21,14,21,22,0.1,81,10,1016,50.125,24,12,13,119,116,116,0,4,13.5,météo favorable,20:18:00,05:34:00,15
09/08/2021,21,15,18,15,21,19,0.3,75,10,1017,45.125,23,12,14,116,116,353,0,5,12.4,météo favorable,20:16:00,05:35:00,15
10/08/2021,24,17,12,17,23,23,0.5,81,9.875,1019,60.125,25,14,17,116,116,122,0,5,12.4,météo correcte,20:14:00,05:37:00,17
11/08/2021,29,19,3,19,27,29,0,78,10,1020,24.625,29,15,19,116,116,116,0,7,14.5,météo favorable,20:13:00,05:38:00,19
12/08/2021,32,22,7,22,29,31,0,70,10,1019,12.375,32,16,22,116,116,116,0,7,14.5,météo favorable,20:11:00,05:39:00,22
13/08/2021,31,21,10,21,27,31,0,67,10,1022,8.25,31,16,21,116,116,116,0,7,14.5,météo favorable,20:09:00,05:41:00,21
14/08/2021,33,19,6,19,28,31,0,66,10,1023,4,32,14,19,116,116,113,0,7,14.5,météo favorable,20:07:00,05:42:00,19
15/08/2021,33,21,6,21,30,31,0.1,68,9.875,1019,17.375,32,15,21,116,116,116,0,7,14.5,météo favorable,20:06:00,05:44:00,22
16/08/2021,25,17,16,17,23,24,0,73,10,1020,49.75,25,12,17,119,122,116,0,6,11.3,météo correcte,20:04:00,05:45:00,17
17/08/2021,19,15,13,15,19,18,0,78,10,1021,63.625,19,12,14,116,119,122,0,5,10.2,météo correcte,20:02:00,05:46:00,15
18/08/2021,22,17,13,17,21,21,0.3,83,10,1020,87.375,24,14,17,176,176,119,0,4,9.1,météo défavorable,20:00:00,05:48:00,17
19/08/2021,22,15,9,18,20,20,0,71,10,1017,75.375,23,12,18,122,119,122,0,4,9.9,météo défavorable,19:58:00,05:49:00,18
20/08/2021,28,17,5,17,26,26,0,67,10,1017,11.75,27,14,17,116,116,116,0,6,14.1,météo favorable,19:57:00,05:51:00,18
21/08/2021,30,19,13,19,28,28,1.3,68,10,1016,38.375,30,16,19,116,116,116,0,7,13.4,météo favorable,19:55:00,05:52:00,20
22/08/2021,23,18,18,18,23,22,0.3,81,10,1021,59,25,15,18,353,176,116,0,6,11.1,météo correcte,19:53:00,05:53:00,19
23/08/2021,22,16,12,16,19,22,0.9,85,9,1023,80.25,25,14,16,119,266,353,0,5,8.7,météo défavorable,19:51:00,05:55:00,17
24/08/2021,24,14,22,14,23,23,0,77,10,1024,16,24,12,13,116,116,116,0,6,13.9,météo favorable,19:49:00,05:56:00,15
25/08/2021,25,16,20,16,23,23,0,66,10,1023,8.875,25,11,16,113,116,116,0,5,13.9,météo favorable,19:47:00,05:58:00,17
26/08/2021,23,13,19,13,19,20,0,88,10,1020,26.875,24,13,12,116,116,113,0,5,13.3,météo favorable,19:45:00,05:59:00,14
27/08/2021,20,14,15,14,20,19,0,81,10,1022,65.25,20,11,13,119,116,116,0,4,12.1,météo défavorable,19:43:00,06:00:00,15
28/08/2021,20,12,18,13,16,19,0.1,77,10,1022,72.25,20,12,12,122,122,176,0,5,6.7,météo défavorable,19:41:00,06:02:00,12
29/08/2021,20,13,17,13,18,19,0,87,10,1022,73.25,20,12,12,122,119,116,0,5,7.9,météo défavorable,19:39:00,06:03:00,13
30/08/2021,22,14,15,14,18,21,0,86,10,1021,78.125,24,14,14,122,122,116,0,5,7.9,météo défavorable,19:37:00,06:05:00,14
31/08/2021,25,13,17,13,22,24,0,91,10,1024,32,25,12,12,119,116,116,0,5,11.6,météo favorable,19:35:00,06:06:00,14
01/09/2021,26,11,16,11,22,25,0,87,10,1026,7,26,12,10,116,113,116,0,5,11.6,météo favorable,19:33:00,06:07:00,13
02/09/2021,29,14,22,14,28,25,0,80,10,1024,0,28,12,13,113,113,113,0,6,11.6,météo favorable,19:31:00,06:09:00,15
03/09/2021,29,15,10,15,27,27,0,78,10,1020,20.125,28,13,15,116,116,116,0,6,11.6,météo favorable,19:29:00,06:10:00,16
04/09/2021,28,18,6,18,26,24,0.4,87,10,1016,63.25,28,17,18,353,116,176,0,6,9.1,météo correcte,19:27:00,06:12:00,19
05/09/2021,31,18,8,18,31,29,0,66,10,1019,18.875,30,13,18,116,116,116,0,7,11.6,météo favorable,19:25:00,06:13:00,19
06/09/2021,30,19,10,19,30,28,0,72,10,1022,14,31,16,19,116,116,116,0,7,11.6,météo favorable,19:22:00,06:14:00,20
07/09/2021,31,19,18,19,30,29,0,75,10,1022,1.625,30,15,19,113,116,113,0,7,11.6,météo favorable,19:20:00,06:16:00,20
08/09/2021,33,19,9,19,31,31,0.1,61,10,1016,17.5,32,18,19,116,116,176,0,7,10.3,météo favorable,19:18:00,06:17:00,20
09/09/2021,28,19,16,19,26,26,0.7,86,9.75,1013,68.25,28,18,19,176,119,116,0,5,9,météo défavorable,19:16:00,06:19:00,20
10/09/2021,23,18,14,18,23,23,0.3,83,10,1016,76.5,25,16,18,176,122,176,0,5,6.5,météo défavorable,19:14:00,06:20:00,20
11/09/2021,25,17,12,17,23,25,0,71,10,1019,31.75,25,14,17,116,116,116,0,5,11.6,météo favorable,19:12:00,06:21:00,19
12/09/2021,29,15,5,15,26,27,0,67,10,1018,4,28,10,15,116,116,116,0,6,11.6,météo favorable,19:10:00,06:23:00,16
13/09/2021,30,15,9,15,26,27,0,66,10,1018,6.125,29,12,15,116,116,116,0,6,11.6,météo favorable,19:08:00,06:24:00,17
14/09/2021,24,18,10,18,21,23,0.2,79,10,1017,46.625,25,16,18,176,116,116,0,5,11.6,météo favorable,19:05:00,06:26:00,18
15/09/2021,25,17,6,17,24,22,0.8,88,10,1014,55.375,26,17,17,116,176,353,0,6,7.7,météo correcte,19:03:00,06:27:00,18
16/09/2021,24,13,8,13,21,24,0,82,10,1020,9.5,25,11,13,116,116,116,0,5,11.6,météo favorable,19:01:00,06:28:00,14
17/09/2021,23,15,8,15,22,23,0,74,10,1017,41.625,25,12,15,116,119,119,0,6,7.5,météo correcte,18:59:00,06:30:00,16
18/09/2021,21,15,12,17,21,17,1.6,82,10,1014,45.125,21,14,17,116,116,353,0,5,8.9,météo favorable,18:57:00,06:31:00,19
19/09/2021,22,16,7,16,22,21,0.2,74,10,1016,51.875,25,12,16,116,116,176,0,5,8.9,météo favorable,18:55:00,06:33:00,17
20/09/2021,19,14,9,14,18,19,1.1,94,10,1021,67.625,19,13,13,353,119,116,0,4,10.2,météo défavorable,18:52:00,06:34:00,14
21/09/2021,22,13,13,13,20,20,0,69,10,1030,21.125,24,9,12,116,116,116,0,5,10.2,météo favorable,18:50:00,06:36:00,14
22/09/2021,23,11,10,11,20,23,0,73,10,1029,3.5,24,9,11,116,116,113,0,5,11.6,météo favorable,18:48:00,06:37:00,12
23/09/2021,26,13,9,13,24,25,0,66,10,1025,1.625,25,9,13,113,113,113,0,6,11.6,météo favorable,18:46:00,06:39:00,14
24/09/2021,24,15,6,15,21,24,0,84,10,1020,25.625,25,13,15,116,119,116,0,6,10.2,météo correcte,18:44:00,06:40:00,15
25/09/2021,26,15,7,15,24,25,0,63,10,1017,19.75,26,10,15,116,116,116,0,6,11.6,météo favorable,18:42:00,06:41:00,16
26/09/2021,25,18,18,18,23,22,0,70,10,1016,45,25,13,18,116,116,122,0,6,8.8,météo favorable,18:40:00,06:43:00,19
27/09/2021,21,15,17,16,20,20,1.7,85,9.875,1026,60.625,21,14,14,122,299,116,0,5,8.8,météo correcte,18:37:00,06:44:00,17
28/09/2021,19,12,7,12,17,18,0,82,10,1025,24.125,19,9,12,116,116,116,0,5,11.6,météo favorable,18:35:00,06:46:00,12
29/09/2021,18,12,18,13,16,16,0.3,87,10,1030,29.75,18,11,11,353,116,116,0,5,11.6,météo favorable,18:33:00,06:47:00,14
30/09/2021,17,9,14,9,15,17,0,63,10,1030,33.375,17,3,9,122,116,116,0,4,11.6,météo correcte,18:31:00,06:49:00,10
01/10/2021,18,11,18,11,17,15,0.2,49,9,1024,46.125,18,11,9,116,116,266,0,4,8.7,météo favorable,18:29:00,06:50:00,11
02/10/2021,17,12,24,12,16,17,2.4,89,9.75,1016,95.375,17,14,13,122,119,296,0,3,5.9,météo défavorable,18:27:00,06:52:00,13
03/10/2021,17,12,34,17,14,15,3.8,84,8,1012,71.375,17,14,11,296,263,116,0,3,8.7,météo défavorable,18:25:00,06:53:00,17
04/10/2021,19,12,16,12,17,18,0,76,10,1018,23.625,19,7,10,116,116,116,0,5,11.6,météo favorable,18:23:00,06:55:00,12
05/10/2021,17,12,23,12,14,14,0.8,87,8.875,1013,57.875,17,12,10,116,266,176,0,4,5.8,météo correcte,18:21:00,06:56:00,12
06/10/2021,19,10,21,10,16,16,0,84,10,1026,41.125,19,8,8,119,116,113,0,3,10.2,météo favorable,18:19:00,06:58:00,11
07/10/2021,18,9,10,9,16,16,0,83,10,1027,22.125,18,9,9,116,116,119,0,4,10.1,météo favorable,18:17:00,06:59:00,10
08/10/2021,19,10,13,10,17,17,0,81,10,1029,4,19,8,9,113,116,116,0,4,11.1,météo favorable,18:15:00,07:01:00,11
09/10/2021,21,11,15,11,19,19,0,84,10,1027,0,21,10,10,113,113,113,0,5,11.1,météo favorable,18:13:00,07:02:00,12
10/10/2021,18,10,9,10,17,17,0,67,10,1026,7.375,18,7,9,113,116,116,0,4,11.1,météo favorable,18:11:00,07:04:00,11
11/10/2021,18,10,13,10,16,16,0,83,10,1028,27.875,18,9,9,116,116,116,0,4,10.1,météo favorable,18:09:00,07:05:00,11
12/10/2021,15,9,15,9,14,13,0.1,78,10,1028,46.25,15,8,8,116,122,176,0,4,7,météo correcte,18:07:00,07:07:00,10
13/10/2021,15,10,10,10,13,14,0,83,10,1029,52.375,15,9,9,116,122,116,0,3,10.1,météo correcte,18:05:00,07:08:00,11
14/10/2021,18,9,3,9,16,17,0,68,10,1028,9.125,18,6,9,113,113,113,0,4,10.9,météo favorable,18:03:00,07:10:00,10
15/10/2021,16,10,6,10,14,15,0,64,10,1021,47.625,16,8,10,113,119,122,0,4,7,météo correcte,18:01:00,07:11:00,11
16/10/2021,19,10,8,10,17,17,0,77,10,1022,12.875,19,9,8,113,113,113,0,4,8.7,météo favorable,17:59:00,07:13:00,12
17/10/2021,17,9,6,9,15,16,0,71,10,1021,44.25,17,5,9,113,122,122,0,4,5.5,météo correcte,17:57:00,07:14:00,10
18/10/2021,19,11,10,11,17,18,0,70,10,1022,24.875,19,8,10,122,113,113,0,5,8.7,météo favorable,17:55:00,07:16:00,12
19/10/2021,24,15,15,15,21,21,1.6,93,8.875,1020,57,25,14,15,296,113,113,0,4,7.1,météo correcte,17:53:00,07:17:00,15
20/10/2021,22,17,28,18,21,21,0.7,68,9.875,1016,57.625,25,14,18,119,122,176,0,5,5.5,météo correcte,17:51:00,07:19:00,18
21/10/2021,16,9,29,12,16,10,0.9,78,9.75,1018,62.5,16,10,10,176,116,176,0,3,7.1,météo correcte,17:49:00,07:21:00,13
22/10/2021,12,6,13,6,12,12,0,60,10,1027,31.75,12,6,5,113,119,116,0,3,7.1,météo défavorable,17:48:00,07:22:00,7
23/10/2021,17,11,5,11,15,16,0,58,10,1027,32.375,17,5,11,116,113,113,0,3,8.7,météo correcte,17:46:00,07:24:00,11
24/10/2021,18,8,12,8,15,16,0,74,10,1025,4.125,18,4,6,113,113,113,0,4,8.7,météo favorable,17:44:00,07:25:00,9
25/10/2021,16,10,13,10,14,15,0,71,10,1022,79,16,9,9,119,119,122,0,3,3.8,météo défavorable,17:42:00,07:27:00,10
26/10/2021,17,10,9,10,15,15,0.1,89,9.875,1024,28.375,17,9,9,113,113,116,0,3,8.7,météo correcte,17:40:00,07:28:00,10
27/10/2021,19,11,12,11,17,18,0,79,10,1025,12.5,19,10,10,113,113,113,0,5,8.7,météo favorable,17:39:00,07:30:00,11
28/10/2021,20,10,17,10,17,18,0,78,10,1021,2,20,8,9,113,113,113,0,5,8.7,météo favorable,17:37:00,07:32:00,11
29/10/2021,17,12,23,12,17,14,0.6,72,9,1011,40,17,11,10,113,113,266,0,4,7.1,météo correcte,17:35:00,07:33:00,12
30/10/2021,14,10,17,10,13,14,0.6,92,9,1008,79.625,14,12,9,116,266,176,0,4,3.7,météo défavorable,17:34:00,07:35:00,10
31/10/2021,18,10,26,10,17,16,2.3,92,10,1009,66,18,15,9,116,116,353,0,4,7,météo défavorable,17:32:00,07:36:00,10
01/11/2021,15,10,23,11,14,12,0.2,76,10,1005,40.875,15,8,8,116,116,176,0,4,7,météo correcte,17:30:00,07:38:00,10
02/11/2021,12,10,22,10,12,10,0.7,84,10,1003,94.375,12,7,8,176,353,176,0,3,3.7,météo défavorable,17:29:00,07:40:00,10
03/11/2021,14,7,4,7,12,12,0,79,10,1007,10.75,14,5,7,113,113,113,0,4,8.7,météo correcte,17:27:00,07:41:00,8
04/11/2021,12,6,19,6,11,10,0.3,82,10,1019,48.125,12,5,5,113,119,353,0,3,5.4,météo défavorable,17:25:00,07:43:00,7
05/11/2021,12,7,11,8,11,11,0,78,10,1029,60.625,12,5,6,119,113,122,0,3,8.7,météo défavorable,17:24:00,07:44:00,7
06/11/2021,13,6,8,6,11,11,0,85,10,1031,38.875,13,6,5,113,113,116,0,2,8.7,météo correcte,17:22:00,07:46:00,8
07/11/2021,13,9,15,10,13,11,0,86,10,1027,56.875,13,9,8,122,122,116,0,4,5.3,météo correcte,17:21:00,07:47:00,9
08/11/2021,13,8,12,9,12,10,0,66,10,1025,46.25,13,4,8,116,116,116,0,3,8.7,météo correcte,17:19:00,07:49:00,10
09/11/2021,14,6,6,6,12,13,0,79,10,1028,3.875,14,5,6,113,113,113,0,4,8.7,météo correcte,17:18:00,07:51:00,7
10/11/2021,15,6,5,6,13,13,0,78,10,1027,0.125,15,5,6,113,113,113,0,4,8.7,météo correcte,17:17:00,07:52:00,7
11/11/2021,13,6,5,6,10,12,0,73,10,1028,23.625,13,5,6,116,116,113,0,3,7,météo correcte,17:15:00,07:54:00,7
12/11/2021,15,6,9,6,12,12,0,64,10,1023,12,15,4,5,113,113,113,0,4,8.7,météo correcte,17:14:00,07:55:00,7
13/11/2021,12,11,15,11,12,12,0.4,88,9.875,1013,83.75,12,10,9,122,122,176,0,3,3.6,météo défavorable,17:13:00,07:57:00,11
14/11/2021,13,9,17,10,13,10,0,89,10,1023,69.5,13,8,9,116,116,122,0,3,5.3,météo défavorable,17:11:00,07:58:00,10
15/11/2021,12,7,13,7,11,10,0,90,10,1024,31.875,12,7,5,116,113,116,0,2,8.7,météo défavorable,17:10:00,08:00:00,8
16/11/2021,10,6,8,6,9,10,0,90,10,1024,58.25,10,6,4,113,122,122,0,3,5.2,météo défavorable,17:09:00,08:01:00,6
17/11/2021,12,9,10,10,12,11,0,90,10,1027,69.875,12,9,8,122,119,116,0,3,5.2,météo défavorable,17:08:00,08:03:00,10
18/11/2021,12,6,8,6,9,11,0,85,10,1031,63.5,12,8,6,113,122,122,0,3,3.4,météo défavorable,17:07:00,08:04:00,7
19/11/2021,12,8,4,9,11,12,0,87,10,1032,79.875,12,9,10,122,119,119,0,4,3.4,météo défavorable,17:06:00,08:06:00,9
20/11/2021,16,10,5,11,14,14,0,77,10,1031,32,16,9,10,116,113,113,0,3,8.7,météo correcte,17:05:00,08:07:00,12
21/11/2021,9,6,13,8,9,8,0.4,90,9.375,1019,61.875,9,7,6,122,176,176,0,3,3.4,météo défavorable,17:04:00,08:09:00,7
22/11/2021,9,4,23,4,9,7,0.1,78,10,1027,15.375,9,2,0,113,113,113,0,2,8.7,météo très défavorable,17:03:00,08:10:00,5
23/11/2021,9,2,17,2,7,8,0,73,10,1030,0,9,3,-2,113,113,113,0,3,8.7,météo très défavorable,17:02:00,08:12:00,3
24/11/2021,8,3,11,3,8,6,0,82,10,1027,4.875,8,2,0,113,113,113,0,3,8.7,météo très défavorable,17:01:00,08:13:00,4
25/11/2021,7,2,9,2,6,7,0,87,10,1013,64.875,7,3,0,122,122,122,0,3,6.9,météo très défavorable,17:00:00,08:15:00,3
26/11/2021,7,4,18,4,6,6,0,89,10,1012,61.875,7,2,2,122,116,116,0,3,6.9,météo très défavorable,16:59:00,08:16:00,4
27/11/2021,5,4,17,4,5,5,2.3,87,7.875,992,94.375,5,3,0,362,317,119,0,1,3.2,météo très défavorable,16:59:00,08:17:00,5
28/11/2021,6,2,12,2,4,5,0.4,84,9,1007,56.625,6,3,0,119,116,353,0,1,5,météo très défavorable,16:58:00,08:19:00,3
29/11/2021,6,2,12,2,5,5,0,80,10,1019,31.5,6,0,-2,116,113,116,0,1,8.4,météo très défavorable,16:57:00,08:20:00,2
30/11/2021,8,2,22,2,6,8,0,79,10,1021,82,8,6,-2,122,122,122,0,3,3.1,météo très défavorable,16:57:00,08:21:00,2
01/12/2021,10,7,28,8,10,8,0.6,87,10,1013,90,10,6,4,176,353,176,0,2,3.1,météo défavorable,16:56:00,08:23:00,8
02/12/2021,6,3,15,5,6,4,0.8,78,9,1012,68.375,6,3,1,263,116,371,0.3,1,6.8,météo très défavorable,16:56:00,08:24:00,5
03/12/2021,4,2,22,2,4,3,0.5,79,9,1016,67,4,3,-2,116,116,266,0,2,6.8,météo très défavorable,16:55:00,08:25:00,2
04/12/2021,11,6,23,9,10,7,1.9,91,7.75,1007,92.5,11,10,5,266,122,176,0,2,3.1,météo défavorable,16:55:00,08:26:00,11
05/12/2021,6,4,15,4,6,6,0.8,90,7.875,1009,79.875,6,3,2,266,119,266,0,2,5,météo très défavorable,16:55:00,08:27:00,5
06/12/2021,6,5,18,5,6,5,1.1,84,8.875,1013,79.125,6,4,2,176,116,296,0,2,5,météo très défavorable,16:54:00,08:29:00,6
07/12/2021,6,3,19,4,6,6,0.8,84,8.875,1016,48.625,6,3,1,116,113,119,0,1,8.2,météo très défavorable,16:54:00,08:30:00,5
08/12/2021,7,4,17,4,6,5,0.6,95,9.875,999,59,7,3,0,317,116,122,0,2,8.2,météo très défavorable,16:54:00,08:31:00,4
09/12/2021,7,3,18,3,5,6,0.1,78,9.875,1005,59.875,7,2,-1,119,200,119,0,2,5,météo très défavorable,16:54:00,08:32:00,3
10/12/2021,8,5,24,7,8,7,1.7,81,7.875,1007,75.5,8,4,2,296,116,176,0,2,5,météo très défavorable,16:54:00,08:33:00,5
11/12/2021,8,4,12,4,6,7,0,81,10,1024,52.75,8,4,1,113,116,119,0,3,5,météo très défavorable,16:54:00,08:34:00,4
12/12/2021,12,6,13,6,9,10,0.3,96,8,1026,71,12,8,4,266,116,116,0,2,6.8,météo défavorable,16:54:00,08:35:00,6
13/12/2021,13,5,7,6,9,10,0,95,7,1027,15.25,13,8,4,143,113,113,0,2,8.2,météo correcte,16:54:00,08:36:00,6
14/12/2021,11,5,4,6,9,10,0,89,9,1029,13,11,7,5,113,113,113,0,2,8.2,météo très défavorable,16:54:00,08:36:00,6
15/12/2021,12,7,6,8,11,10,0,96,8,1033,56,12,7,8,143,116,116,0,3,6.8,météo défavorable,16:54:00,08:37:00,7
16/12/2021,11,5,10,6,8,10,0,97,8,1036,19.875,11,8,4,143,116,113,0,3,6.8,météo très défavorable,16:54:00,08:38:00,6
17/12/2021,11,5,15,5,9,8,0,91,10,1037,3.25,11,6,3,113,113,113,0,3,8.2,météo très défavorable,16:55:00,08:39:00,5
18/12/2021,11,5,15,5,9,9,0,90,10,1036,8.75,11,6,2,113,113,113,0,3,8.2,météo très défavorable,16:55:00,08:39:00,5
19/12/2021,8,4,12,5,6,7,0,96,8,1035,37.75,8,5,2,113,116,116,0,3,6.8,météo très défavorable,16:55:00,08:40:00,5
20/12/2021,7,3,17,5,5,7,0,87,10,1028,41.625,7,4,1,113,119,113,0,3,4.9,météo très défavorable,16:56:00,08:41:00,6
21/12/2021,7,0,12,1,5,5,0,67,10,1026,0,7,0,-3,113,113,113,0,2,8.2,météo très défavorable,16:56:00,08:41:00,1
22/12/2021,6,-1,9,-1,5,3,0,67,10,1025,27.125,6,0,-3,116,113,116,0,2,6.8,météo très défavorable,16:57:00,08:42:00,0
23/12/2021,8,1,12,1,6,7,0,81,9,1019,25.5,8,6,-2,116,113,113,0,2,8.2,météo très défavorable,16:57:00,08:42:00,1
24/12/2021,9,7,11,7,9,9,0.8,97,4.75,1013,95.375,9,8,5,266,176,122,0,2,3.1,météo défavorable,16:58:00,08:43:00,7
25/12/2021,10,8,9,8,9,9,2.4,98,3.875,1005,81.5,10,8,7,296,266,143,0,2,4.9,météo défavorable,16:59:00,08:43:00,8
26/12/2021,10,9,16,9,10,10,0.6,96,7,1004,94,10,8,7,266,176,122,0,2,3.1,météo défavorable,16:59:00,08:43:00,9
27/12/2021,11,8,17,8,8,11,1.1,92,8.875,1004,97.625,11,9,5,122,296,176,0,2,3.2,météo défavorable,17:00:00,08:43:00,8
28/12/2021,12,10,26,11,11,11,0.5,84,10,1005,92.5,12,9,8,176,122,119,0,3,3.2,météo défavorable,17:01:00,08:44:00,11
29/12/2021,15,9,23,12,14,15,0.3,94,9,1013,99.625,15,14,10,266,122,176,0,3,3.2,météo défavorable,17:02:00,08:44:00,10
30/12/2021,14,13,14,13,13,13,0.1,91,10,1024,84.375,14,13,12,122,119,122,0,3,3.2,météo défavorable,17:03:00,08:44:00,14
31/12/2021,16,9,12,10,12,13,0,90,10,1026,3.5,16,11,8,113,113,113,0,4,8.6,météo correcte,17:04:00,08:44:00,10
01/01/2022,15,9,12,10,13,12,0,94,8,1025,14.375,15,10,8,113,113,113,0,3,8.6,météo correcte,17:05:00,08:44:00,10
02/01/2022,14,10,22,11,13,13,0.2,83,10,1023,72,14,10,9,122,119,176,0,4,5.1,météo défavorable,17:06:00,08:44:00,11
03/01/2022,12,10,18,11,12,11,2.8,87,8.75,1020,89,12,10,8,119,122,296,0,3,5.1,météo défavorable,17:07:00,08:44:00,12
04/01/2022,15,3,32,12,15,4,8.9,85,6.5,1014,97.5,15,10,4,296,266,338,1,3,3.2,météo défavorable,17:08:00,08:44:00,11
05/01/2022,6,3,18,3,5,5,0.5,68,10,1023,72,6,3,-1,113,122,119,0,1,5.1,météo très défavorable,17:09:00,08:43:00,4
06/01/2022,7,3,11,4,7,5,0,76,10,1025,52,7,1,3,116,113,119,0,2,8.7,météo très défavorable,17:10:00,08:43:00,5
07/01/2022,8,3,21,5,6,7,0.4,87,9,1023,78.375,8,3,1,176,122,176,0,2,3.3,météo très défavorable,17:11:00,08:43:00,3
08/01/2022,10,3,29,4,7,10,3.1,92,7.75,1019,94,10,7,1,122,266,296,0,2,3.3,météo très défavorable,17:12:00,08:42:00,3
09/01/2022,7,4,19,4,6,7,0.6,78,10,1016,53.25,7,3,0,116,116,176,0,2,6.9,météo très défavorable,17:14:00,08:42:00,5
10/01/2022,8,4,7,4,7,7,0.2,92,9.875,1025,80.875,8,4,2,122,116,122,0,2,6.9,météo très défavorable,17:15:00,08:42:00,5
11/01/2022,6,1,5,1,5,5,0,83,10,1037,24.25,6,0,0,113,113,116,0,2,8.7,météo très défavorable,17:16:00,08:41:00,2
12/01/2022,5,2,9,3,4,5,0,75,10,1040,52.625,5,1,2,116,122,113,0,2,3.3,météo très défavorable,17:18:00,08:41:00,2
13/01/2022,9,1,12,1,6,7,0,87,10,1040,1.75,9,3,-2,113,113,113,0,2,8.7,météo très défavorable,17:19:00,08:40:00,1
14/01/2022,11,2,6,2,9,9,0,78,10,1038,0.75,11,4,0,113,113,113,0,3,8.7,météo très défavorable,17:20:00,08:39:00,3
15/01/2022,8,3,5,3,6,8,0,86,10,1032,27.75,8,3,1,113,122,113,0,3,5.1,météo très défavorable,17:22:00,08:39:00,4
16/01/2022,7,2,10,2,6,6,0,94,10,1033,47.625,7,3,-1,116,119,116,0,2,5.1,météo très défavorable,17:23:00,08:38:00,2
17/01/2022,11,5,8,6,9,10,0,97,5.75,1039,44.375,11,7,6,143,116,113,0,2,6.9,météo défavorable,17:25:00,08:37:00,5
18/01/2022,11,2,12,3,8,9,0,90,10,1038,2.75,11,6,0,113,113,113,0,3,8.7,météo très défavorable,17:26:00,08:36:00,3
19/01/2022,7,1,10,1,5,6,0.2,91,9,1033,39.5,7,3,0,116,113,116,0,2,6.9,météo très défavorable,17:28:00,08:35:00,2
20/01/2022,6,2,17,3,5,4,0.1,88,10,1036,58.625,6,3,0,119,116,116,0,1,5.1,météo très défavorable,17:29:00,08:35:00,4
21/01/2022,6,1,15,2,4,5,0,90,10,1037,56.375,6,0,-2,116,119,113,0,1,5.1,météo très défavorable,17:31:00,08:34:00,2
22/01/2022,9,1,9,1,6,8,0,85,10,1038,6.75,9,6,-1,113,113,113,0,3,8.7,météo très défavorable,17:32:00,08:33:00,1
23/01/2022,7,2,12,3,6,6,0,86,9,1036,58,7,2,1,119,122,113,0,3,3.4,météo très défavorable,17:34:00,08:32:00,2
24/01/2022,10,1,7,1,7,8,0,91,10,1035,3.75,10,3,-1,113,113,113,0,3,8.7,météo très défavorable,17:35:00,08:30:00,2
25/01/2022,11,2,6,2,8,9,0,89,10,1037,0.875,11,5,0,113,113,113,0,3,8.7,météo très défavorable,17:37:00,08:29:00,2
26/01/2022,10,1,5,2,8,8,0,86,10,1035,1.5,10,3,0,113,113,113,0,3,8.7,météo très défavorable,17:38:00,08:28:00,2
27/01/2022,9,1,12,2,6,8,0,91,9,1033,38.125,9,7,-1,113,113,122,0,3,6.9,météo très défavorable,17:40:00,08:27:00,2
28/01/2022,10,5,7,5,8,9,0,96,7,1037,35.5,10,5,4,143,116,113,0,3,8.7,météo très défavorable,17:42:00,08:26:00,5
29/01/2022,12,4,16,5,10,11,0,90,10,1036,48.25,12,7,3,122,113,113,0,3,8.7,météo très défavorable,17:43:00,08:25:00,4
30/01/2022,10,4,9,5,7,7,0,85,10,1035,49.375,10,8,2,113,119,122,0,2,7,météo très défavorable,17:45:00,08:23:00,8
31/01/2022,9,4,28,7,8,7,0.1,70,10,1027,60.625,9,2,2,122,119,116,0,3,5.2,météo défavorable,17:47:00,08:22:00,5
01/02/2022,9,3,18,3,6,9,0.2,96,10,1029,79.75,9,8,0,122,176,122,0,3,3.5,météo très défavorable,17:48:00,08:21:00,3
02/02/2022,11,8,19,9,10,10,0,85,10,1026,91.75,11,8,7,122,122,119,0,2,3.5,météo défavorable,17:50:00,08:19:00,9
03/02/2022,9,6,14,6,8,8,0,86,10,1025,82.75,9,4,4,116,119,119,0,2,3.5,météo défavorable,17:52:00,08:18:00,8
04/02/2022,10,6,19,8,10,9,0.1,81,10,1025,73.5,10,6,5,122,116,176,0,2,5.2,météo défavorable,17:53:00,08:16:00,8
05/02/2022,9,4,15,4,8,9,0,83,10,1029,34.625,9,2,1,116,113,113,0,3,7,météo très défavorable,17:55:00,08:15:00,5
06/02/2022,11,7,32,7,10,11,0.8,79,9,1025,94.625,11,7,3,122,122,353,0,2,3.5,météo défavorable,17:56:00,08:13:00,7
07/02/2022,10,4,13,4,9,10,0.4,71,10,1034,16.75,10,2,1,113,113,113,0,2,8.7,météo très défavorable,17:58:00,08:12:00,5
08/02/2022,9,4,9,4,7,9,0,78,10,1035,62.5,9,5,2,116,119,119,0,3,5,météo très défavorable,18:00:00,08:10:00,4
09/02/2022,14,4,6,5,11,12,0,88,10,1031,2,14,4,3,113,113,113,0,3,9.9,météo correcte,18:01:00,08:09:00,5
10/02/2022,11,4,15,5,9,8,0,86,10,1027,46.25,11,4,2,113,116,122,0,3,8.3,météo très défavorable,18:03:00,08:07:00,6
11/02/2022,9,3,13,3,6,9,0.2,81,9,1036,22.75,9,1,0,113,116,113,0,2,10,météo très défavorable,18:05:00,08:06:00,4
12/02/2022,8,2,11,2,5,7,0,75,10,1035,31.125,8,0,-1,113,116,113,0,2,10,météo très défavorable,18:06:00,08:04:00,2
13/02/2022,12,2,27,2,8,12,0.7,72,9,1021,51.625,12,7,-2,113,116,122,0,3,8.3,météo très défavorable,18:08:00,08:02:00,2
14/02/2022,11,7,17,9,9,10,0.9,84,9,1014,83.625,11,6,6,176,353,176,0,2,5,météo défavorable,18:09:00,08:01:00,11
15/02/2022,10,4,19,4,8,9,0.1,85,10,1020,55.375,10,6,2,113,116,122,0,3,8.4,météo très défavorable,18:11:00,07:59:00,5
16/02/2022,14,9,23,10,13,13,2.6,92,5.875,1012,99.125,14,11,8,266,266,122,0,3,5.3,météo défavorable,18:13:00,07:57:00,10
17/02/2022,13,8,27,10,12,12,0.2,69,10,1023,47.75,13,10,5,176,113,113,0,3,10,météo correcte,18:14:00,07:56:00,13
18/02/2022,13,7,32,12,13,11,0.7,91,9.25,1017,81.125,13,10,8,122,122,176,0,3,5.3,météo défavorable,18:16:00,07:54:00,10
19/02/2022,10,4,23,4,8,8,0.2,69,10,1022,50.875,10,4,0,113,113,176,0,3,8.5,météo très défavorable,18:18:00,07:52:00,5
20/02/2022,12,8,24,8,10,12,0,84,10,1019,94.875,12,7,5,119,122,122,0,2,5.3,météo défavorable,18:19:00,07:50:00,8
21/02/2022,11,4,32,5,8,9,1.1,87,9.875,1021,77.125,11,8,0,176,353,122,0,2,6.9,météo très défavorable,18:21:00,07:48:00,7
22/02/2022,10,6,18,6,8,10,0.1,86,10,1026,93.5,10,8,4,122,122,122,0,2,5.4,météo défavorable,18:22:00,07:47:00,7
23/02/2022,12,5,9,5,10,10,0.1,93,10,1031,54.25,12,6,5,113,116,122,0,2,8.5,météo très défavorable,18:24:00,07:45:00,7
24/02/2022,12,5,24,8,12,7,0.8,81,9.875,1024,70.75,12,5,4,119,116,176,0,2,8.5,météo défavorable,18:26:00,07:43:00,9
25/02/2022,9,3,21,3,8,9,0,75,10,1033,28,9,0,-1,113,119,113,0,3,8.5,météo très défavorable,18:27:00,07:41:00,3
26/02/2022,11,3,15,3,9,10,0,75,10,1035,0,11,0,0,113,113,113,0,3,10.9,météo très défavorable,18:29:00,07:39:00,4
27/02/2022,12,1,15,1,8,12,0,68,10,1028,1.625,12,2,-3,113,113,113,0,3,10.9,météo très défavorable,18:30:00,07:37:00,2
28/02/2022,12,2,9,2,9,12,0,59,10,1028,11.375,12,1,-1,113,113,113,0,3,11,météo très défavorable,18:32:00,07:35:00,3
01/03/2022,11,4,7,4,8,10,0,68,10,1027,61.125,11,0,3,122,122,116,0,3,7,météo très défavorable,19:34:00,08:33:00,4
02/03/2022,9,6,13,6,9,9,1.7,92,8.875,1024,96.125,9,7,5,122,176,266,0,2,5.5,météo défavorable,19:36:00,08:31:00,7
03/03/2022,12,6,9,6,10,11,0,91,10,1018,73.625,12,7,5,116,119,119,0,3,5.5,météo défavorable,19:37:00,08:29:00,7
04/03/2022,13,5,13,6,11,12,0,54,10,1018,23.125,13,7,3,116,113,113,0,2,11.1,météo correcte,19:39:00,08:27:00,8
05/03/2022,12,3,12,3,10,11,0,56,10,1021,0,12,0,2,113,113,113,0,3,11.2,météo très défavorable,19:40:00,08:25:00,4
06/03/2022,11,3,16,3,9,9,0.1,68,10,1023,16.5,11,3,0,113,113,116,0,2,11.2,météo très défavorable,19:42:00,08:23:00,6
07/03/2022,10,1,15,1,7,10,0,67,10,1023,2.5,10,0,-2,113,113,113,0,3,11.2,météo très défavorable,19:44:00,08:21:00,2
08/03/2022,13,1,14,1,9,13,0,61,10,1020,0.875,13,0,-2,113,113,113,0,3,11.3,météo très défavorable,19:45:00,08:19:00,2
09/03/2022,16,5,14,5,13,16,0,93,10,1024,11.625,16,5,4,116,113,113,0,4,11.3,météo correcte,19:47:00,08:16:00,6
10/03/2022,15,7,12,7,13,14,0,69,10,1023,32.875,15,4,5,116,113,116,0,4,11.3,météo correcte,19:48:00,08:14:00,9
11/03/2022,11,9,19,9,10,10,0.6,81,9,1016,86.875,11,9,6,116,266,353,0,2,5.7,météo défavorable,19:50:00,08:12:00,9
12/03/2022,11,7,14,7,9,10,0,90,10,1017,79.25,11,6,5,122,122,119,0,2,5.7,météo défavorable,19:51:00,08:10:00,8
13/03/2022,9,7,17,7,8,9,1.7,89,7,1019,84.25,9,6,4,119,266,266,0,2,5.7,météo défavorable,19:53:00,08:08:00,8
14/03/2022,12,4,15,4,11,12,0.2,93,9,1026,46.75,12,6,3,113,113,116,0,3,10.1,météo très défavorable,19:54:00,08:06:00,5
15/03/2022,15,9,10,9,11,14,1.1,94,7,1025,96.25,15,10,7,266,266,122,0,3,5.8,météo défavorable,19:56:00,08:04:00,9
16/03/2022,19,9,11,9,16,19,0,92,10,1020,16.25,19,11,8,113,113,113,0,4,11.6,météo favorable,19:57:00,08:02:00,10
17/03/2022,12,8,21,10,11,12,0,78,10,1033,62.875,12,9,7,122,122,113,0,4,7.2,météo défavorable,19:59:00,08:00:00,11
18/03/2022,17,5,26,5,14,15,0,65,10,1038,3.375,17,2,1,113,113,113,0,4,11.6,météo correcte,20:00:00,07:58:00,6
19/03/2022,18,6,25,6,16,14,0,75,10,1037,0.375,18,3,3,113,113,113,0,4,11.6,météo favorable,20:02:00,07:56:00,7
20/03/2022,16,5,15,5,12,16,1,84,8.375,1027,58.75,16,6,3,116,263,116,0,4,7.6,météo correcte,20:03:00,07:54:00,5
21/03/2022,16,9,14,9,15,16,0,81,10,1029,50,16,6,8,116,113,119,0,3,10.3,météo correcte,20:05:00,07:52:00,9
22/03/2022,19,8,12,8,16,19,0,72,10,1029,3.625,19,5,7,113,113,113,0,4,11.6,météo favorable,20:06:00,07:50:00,9
23/03/2022,19,8,10,8,18,18,0,56,10,1030,4,19,3,7,113,113,113,0,4,11.6,météo favorable,20:08:00,07:48:00,9
24/03/2022,19,9,12,9,17,18,0,74,10,1030,4.75,19,5,8,113,113,113,0,4,11.6,météo favorable,20:09:00,07:46:00,10
25/03/2022,20,8,14,8,18,19,0,61,10,1028,0,20,4,7,113,113,113,0,5,11.6,météo favorable,20:11:00,07:44:00,10
26/03/2022,21,8,21,8,19,18,0,62,10,1029,0.375,21,5,6,113,113,113,0,5,11.6,météo favorable,20:12:00,07:41:00,9
27/03/2022,21,9,14,9,18,21,0,66,10,1029,0.625,21,6,7,113,113,113,0,5,11.6,météo favorable,20:14:00,07:39:00,10
28/03/2022,22,10,6,10,19,21,0,68,10,1028,7.125,23,6,10,113,113,113,0,5,11.6,météo favorable,20:15:00,07:37:00,11
29/03/2022,19,12,12,12,17,15,0.3,73,10,1016,85.25,19,10,12,176,116,176,0,4,7.7,météo défavorable,20:17:00,07:35:00,13
30/03/2022,12,6,20,8,6,10,0.3,86,10,1005,93.375,12,9,3,122,122,119,0,2,6.4,météo défavorable,20:18:00,07:33:00,10
31/03/2022,8,5,10,7,8,7,0.5,83,10,1002,93.625,8,5,5,176,122,353,0,2,6.4,météo très défavorable,20:20:00,07:31:00,8
01/04/2022,3,1,25,1,3,2,2.3,96,6.625,1010,100,3,2,-5,371,371,371,1.9,1,6.5,météo très défavorable,20:21:00,07:29:00,2
02/04/2022,4,1,23,1,4,3,0.7,89,8.25,1019,95.75,4,0,-5,332,368,371,0.6,1,6.5,météo très défavorable,20:23:00,07:27:00,1
03/04/2022,9,0,17,0,7,9,0,72,10,1025,26.5,9,0,-4,113,113,116,0,3,11.6,météo très défavorable,20:24:00,07:25:00,1
04/04/2022,11,2,22,2,10,9,0,69,10,1024,68.25,11,2,0,116,122,122,0,3,7.8,météo très défavorable,20:26:00,07:23:00,3
05/04/2022,14,7,15,7,10,14,0,95,10,1015,92.25,14,9,5,122,122,119,0,3,6.5,météo défavorable,20:27:00,07:20:00,7
06/04/2022,14,6,26,6,11,13,0.4,85,10,1011,76.5,14,8,4,116,122,176,0,4,6.6,météo défavorable,20:29:00,07:18:00,7
07/04/2022,11,8,32,10,9,9,1.5,83,7.875,1004,100,11,8,6,122,296,266,0,2,6.6,météo défavorable,20:30:00,07:16:00,10
08/04/2022,9,2,16,8,4,2,7.1,95,8.375,1005,91.625,9,4,0,122,302,317,0,1,6.6,météo très défavorable,20:32:00,07:14:00,8
09/04/2022,11,4,16,4,10,10,0.5,88,10,1021,55.5,11,3,2,353,176,176,0,2,9.1,météo très défavorable,20:33:00,07:12:00,4
10/04/2022,15,3,6,3,13,13,0,73,10,1022,13,15,1,3,113,113,113,0,4,11.6,météo correcte,20:35:00,07:10:00,4
11/04/2022,16,5,19,5,13,16,0,68,10,1018,12.5,16,8,2,113,113,113,0,4,11.6,météo correcte,20:36:00,07:08:00,6
12/04/2022,20,9,13,9,18,19,0,80,10,1012,44.125,20,10,8,113,113,122,0,5,10.4,météo favorable,20:38:00,07:06:00,11
13/04/2022,18,12,9,12,16,18,0,84,10,1020,79.625,18,10,12,122,119,122,0,5,6.7,météo défavorable,20:39:00,07:04:00,13
14/04/2022,23,10,13,10,19,20,0,91,10,1026,11.75,24,10,9,113,113,113,0,5,11.6,météo favorable,20:41:00,07:02:00,11
15/04/2022,21,11,9,11,20,20,0,87,10,1026,18.125,24,9,11,113,113,116,0,5,11.6,météo favorable,20:42:00,07:00:00,12
16/04/2022,20,11,17,11,18,19,0,78,10,1027,5.5,20,9,10,116,113,113,0,5,11.6,météo favorable,20:44:00,06:58:00,12
17/04/2022,19,7,13,7,16,18,0,61,10,1027,19.625,19,6,5,113,113,116,0,4,11.6,météo favorable,20:45:00,06:56:00,9
18/04/2022,19,8,6,8,16,16,0,65,10,1019,73.625,19,9,7,122,122,119,0,4,8.1,météo défavorable,20:47:00,06:54:00,8
19/04/2022,19,9,12,9,17,18,0,83,10,1016,26.375,19,7,8,116,113,113,0,4,11.6,météo favorable,20:48:00,06:52:00,10
20/04/2022,18,9,19,9,17,16,0,81,10,1012,53,18,7,8,116,116,116,0,4,9.3,météo favorable,20:50:00,06:50:00,9
21/04/2022,17,7,18,7,16,17,0,63,10,1008,10.625,17,5,5,113,113,113,0,4,11.6,météo correcte,20:51:00,06:48:00,8
22/04/2022,17,8,17,8,15,15,0,82,10,1004,34,17,7,6,113,116,116,0,4,10.5,météo correcte,20:53:00,06:46:00,10
23/04/2022,17,10,25,10,17,13,1,77,9.875,1000,89.625,17,11,8,119,122,176,0,3,7,météo défavorable,20:54:00,06:45:00,11
24/04/2022,13,10,14,10,12,12,0.7,90,8.375,1007,85.625,13,10,8,263,122,122,0,3,7.1,météo défavorable,20:56:00,06:43:00,11
25/04/2022,16,9,10,9,15,14,0.4,76,9.875,1015,42.875,16,7,8,116,176,353,0,4,9.3,météo correcte,20:57:00,06:41:00,10
26/04/2022,17,7,14,8,14,16,0,82,10,1021,43.625,17,6,6,116,113,116,0,4,9.4,météo correcte,20:59:00,06:39:00,7
27/04/2022,18,6,19,6,16,18,0,78,10,1024,10.875,18,7,3,113,116,116,0,4,14.5,météo favorable,21:00:00,06:37:00,7
28/04/2022,20,8,20,8,18,19,0,81,10,1027,3.125,20,8,6,113,113,113,0,5,14.5,météo favorable,21:02:00,06:35:00,9
29/04/2022,19,10,12,10,16,18,0,76,10,1028,62,19,8,9,122,122,116,0,4,13.4,météo correcte,21:03:00,06:34:00,10
30/04/2022,18,7,18,7,16,17,0,80,10,1026,2.625,18,5,4,113,113,113,0,4,14.5,météo favorable,21:05:00,06:32:00,9
01/05/2022,18,8,10,8,16,17,0,78,10,1025,58.75,18,5,6,113,122,119,0,4,10.3,météo correcte,21:06:00,06:30:00,8
02/05/2022,17,9,14,9,17,16,0,69,10,1020,57.5,17,6,8,116,116,116,0,4,12.4,météo correcte,21:08:00,06:28:00,10
03/05/2022,19,10,16,10,18,17,0,69,10,1018,56.625,19,7,9,113,119,122,0,5,11.4,météo correcte,21:09:00,06:27:00,11
04/05/2022,19,11,12,11,18,16,0,78,10,1022,41.5,19,10,10,116,113,119,0,4,13.5,météo favorable,21:10:00,06:25:00,12
05/05/2022,21,10,11,10,20,20,0,85,10,1026,39.875,24,9,9,116,113,116,0,5,12.4,météo favorable,21:12:00,06:24:00,11
06/05/2022,22,10,10,10,20,19,0,85,10,1026,36.25,24,11,9,116,113,116,0,5,14.5,météo favorable,21:13:00,06:22:00,10
07/05/2022,20,12,10,12,19,19,0.4,70,9.875,1025,67.75,20,13,12,122,122,176,0,5,10.4,météo défavorable,21:15:00,06:20:00,13
08/05/2022,19,10,14,10,17,19,0.1,97,7.75,1026,72.625,19,11,9,248,122,119,0,4,10.4,météo défavorable,21:16:00,06:19:00,11
09/05/2022,25,11,8,11,23,24,0,82,10,1026,24.25,25,12,10,113,113,116,0,5,14.5,météo favorable,21:18:00,06:17:00,12
10/05/2022,25,15,19,15,22,23,0,76,10,1022,28.375,25,12,15,116,116,113,0,6,14.5,météo favorable,21:19:00,06:16:00,16
11/05/2022,24,14,20,14,22,23,0,73,10,1017,12,25,13,13,113,113,113,0,6,14.5,météo favorable,21:20:00,06:14:00,15
12/05/2022,22,12,10,12,20,20,0,79,10,1021,30.875,24,12,12,113,116,116,0,4,14.5,météo favorable,21:22:00,06:13:00,13
13/05/2022,23,11,10,11,21,22,0,78,10,1023,8,24,9,11,113,113,113,0,5,14.5,météo favorable,21:23:00,06:12:00,11
14/05/2022,25,11,9,11,23,24,0,82,10,1023,11.75,25,12,11,113,113,113,0,5,14.5,météo favorable,21:25:00,06:10:00,12
15/05/2022,25,13,15,13,22,25,0.1,74,10,1018,45,26,16,13,116,116,116,0,6,12.5,météo favorable,21:26:00,06:09:00,14
16/05/2022,25,15,13,15,23,24,2.7,95,9,1021,48.75,25,16,14,143,116,116,0,5,14.5,météo favorable,21:27:00,06:08:00,16
17/05/2022,28,16,10,16,27,26,0,83,10,1022,30.25,27,14,16,113,113,113,0,6,14.5,météo favorable,21:29:00,06:06:00,16
18/05/2022,28,17,10,17,28,27,0,84,10,1021,16.5,29,17,17,113,113,116,0,6,14.5,météo idéale,21:30:00,06:05:00,18
19/05/2022,25,18,16,18,25,24,1,96,8.75,1022,44.75,27,18,18,176,200,113,0,5,13.5,météo correcte,21:31:00,06:04:00,18
20/05/2022,23,16,19,16,23,19,1.2,88,10,1023,61,25,19,16,116,353,116,0,4,11.5,météo correcte,21:32:00,06:03:00,17
21/05/2022,26,12,10,12,21,26,0,74,10,1025,3.625,26,12,12,113,113,113,0,5,14.5,météo favorable,21:34:00,06:02:00,12
22/05/2022,24,13,17,13,21,21,0.1,81,10,1019,44.875,25,13,13,119,116,176,0,5,13.5,météo favorable,21:35:00,06:01:00,13
23/05/2022,19,15,22,17,16,18,2.5,97,10,1006,74.875,19,16,16,353,353,176,0,4,13.5,météo défavorable,21:36:00,06:00:00,16
24/05/2022,19,10,16,10,17,18,0.5,96,9.375,1012,51.25,19,10,8,353,119,116,0,4,15.8,météo correcte,21:37:00,05:59:00,11
25/05/2022,21,10,18,10,20,20,0,81,10,1020,25.625,21,9,10,113,113,119,0,5,15.6,météo favorable,21:39:00,05:58:00,10
26/05/2022,23,13,12,13,21,22,0,82,10,1025,40.25,25,13,12,113,113,119,0,4,15.8,météo favorable,21:40:00,05:57:00,15
27/05/2022,24,12,13,12,19,21,0,86,10,1026,31.875,25,12,12,116,119,113,0,5,15.6,météo correcte,21:41:00,05:56:00,13
28/05/2022,20,10,13,10,19,19,0,77,10,1027,14.25,20,8,9,113,113,116,0,5,15.9,météo favorable,21:42:00,05:55:00,10
29/05/2022,16,7,15,7,13,14,0,81,10,1021,31.875,16,5,5,113,119,116,0,4,15.9,météo correcte,21:43:00,05:54:00,8
30/05/2022,19,7,13,7,17,19,0,78,10,1015,21.125,19,6,4,113,113,116,0,4,15.9,météo favorable,21:44:00,05:53:00,7
31/05/2022,21,13,11,13,21,20,0,59,10,1017,31.125,23,8,13,113,113,113,0,4,15.9,météo favorable,21:45:00,05:53:00,13
01/06/2022,23,10,8,11,20,22,0,78,10,1019,9.75,24,8,11,113,113,113,0,5,15.9,météo favorable,21:46:00,05:52:00,10
02/06/2022,24,11,16,11,22,23,0,74,10,1020,13.5,25,11,9,113,116,113,0,5,16,météo favorable,21:47:00,05:51:00,11
03/06/2022,25,14,8,14,24,25,0.1,71,10,1017,27.75,26,16,14,113,113,116,0,6,16,météo favorable,21:48:00,05:51:00,14
04/06/2022,29,16,13,16,28,28,2,94,7.5,1017,47,29,17,16,143,113,200,0,5,15.6,météo favorable,21:49:00,05:50:00,16
05/06/2022,25,17,15,17,25,23,3.7,95,9.75,1017,68,26,17,17,386,200,386,0,5,13.8,météo défavorable,21:50:00,05:50:00,18
06/06/2022,23,13,15,13,21,22,0,84,10,1019,35.5,24,12,13,113,116,116,0,5,16,météo favorable,21:50:00,05:49:00,14
07/06/2022,22,14,15,14,20,19,0.6,94,9.875,1017,78.5,24,16,14,353,116,176,0,4,13.8,météo défavorable,21:51:00,05:49:00,15
08/06/2022,22,14,19,14,16,19,3,97,9.875,1015,70,25,15,12,122,353,176,0,5,12.9,météo défavorable,21:52:00,05:48:00,14
09/06/2022,20,12,21,12,18,19,0.8,86,10,1020,46.375,20,10,10,116,353,176,0,5,13.8,météo correcte,21:53:00,05:48:00,12
10/06/2022,29,14,13,14,24,27,0,82,10,1023,36.625,29,14,14,113,116,113,0,5,16.1,météo favorable,21:53:00,05:48:00,15
11/06/2022,28,16,9,16,25,25,0,85,10,1024,24.25,28,15,16,113,119,116,0,6,16.1,météo correcte,21:54:00,05:47:00,16
12/06/2022,27,13,12,13,25,23,0,73,10,1026,22.125,26,10,12,116,113,122,0,6,16.1,météo favorable,21:54:00,05:47:00,13
13/06/2022,26,12,10,12,22,25,0,79,10,1026,0.875,26,11,12,113,113,113,0,6,16.1,météo favorable,21:55:00,05:47:00,12
14/06/2022,28,13,13,13,23,27,0,72,10,1023,23.25,27,11,12,116,122,113,0,6,16.1,météo correcte,21:56:00,05:47:00,13
15/06/2022,33,15,9,15,30,31,0,71,10,1018,6.75,32,14,15,113,113,113,0,7,16.1,météo idéale,21:56:00,05:47:00,15
16/06/2022,31,17,11,17,29,28,0,74,10,1022,5.25,30,14,17,113,113,113,0,7,16.1,météo idéale,21:56:00,05:47:00,17
17/06/2022,36,18,12,18,33,35,0,65,10,1023,3.25,36,14,18,113,113,113,0,7,16.1,météo favorable,21:57:00,05:47:00,18
18/06/2022,42,23,11,23,39,40,0,52,10,1021,4.75,42,14,23,113,113,113,0,8,16.1,météo correcte,21:57:00,05:47:00,23
19/06/2022,33,19,12,19,32,31,0,77,10,1011,12,34,18,19,113,113,113,0,7,16.1,météo idéale,21:57:00,05:47:00,22
20/06/2022,27,13,15,13,23,26,0.4,83,10,1018,45.25,26,15,12,119,113,113,0,5,15.6,météo favorable,21:58:00,05:47:00,14
21/06/2022,29,15,11,15,24,25,0,64,10,1016,23.375,30,16,14,116,113,119,0,6,16.1,météo idéale,21:58:00,05:47:00,15
22/06/2022,30,17,8,17,28,29,0.1,81,10,1011,28,30,17,17,113,113,116,0,6,16.1,météo idéale,21:58:00,05:47:00,17
23/06/2022,31,18,11,18,29,30,0.1,84,9.875,1011,31.375,30,16,18,113,116,113,0,6,16.1,météo favorable,21:58:00,05:48:00,19
24/06/2022,24,16,21,16,23,23,0.5,95,9.875,1010,64,25,16,16,353,176,116,0,5,14.7,météo correcte,21:58:00,05:48:00,17
25/06/2022,19,15,15,16,19,17,1.1,92,9,1012,68.75,19,16,16,119,122,353,0,5,13.9,météo défavorable,21:58:00,05:48:00,16
26/06/2022,21,12,9,12,20,21,0,84,10,1017,35,24,12,12,113,116,116,0,5,16.1,météo favorable,21:58:00,05:49:00,12
27/06/2022,25,15,13,15,21,24,0,85,10,1021,30.625,24,13,14,119,113,113,0,6,16.1,météo favorable,21:58:00,05:49:00,15
28/06/2022,29,13,11,13,26,28,0,71,10,1022,9.5,28,9,13,113,113,113,0,6,16.1,météo favorable,21:58:00,05:50:00,13
29/06/2022,28,16,10,16,24,28,0,59,10,1016,12.5,27,10,16,113,113,113,0,6,16.1,météo idéale,21:58:00,05:50:00,17
30/06/2022,18,13,15,13,14,18,5.8,96,7.25,1016,73.125,18,14,13,296,296,176,0,3,12.9,météo défavorable,21:58:00,05:51:00,15
01/07/2022,23,11,14,11,20,22,0.1,85,10,1021,32.5,24,11,10,113,119,113,0,4,16.1,météo correcte,21:58:00,05:51:00,11
02/07/2022,29,14,9,14,25,28,0,68,10,1022,7.5,28,10,14,113,113,113,0,6,16.1,météo favorable,21:57:00,05:52:00,14
03/07/2022,27,14,10,14,25,26,0,75,10,1022,10.625,26,12,14,113,113,113,0,6,16,météo favorable,21:57:00,05:53:00,14
04/07/2022,27,14,9,14,24,26,0,74,10,1023,7,26,10,14,113,113,113,0,6,16,météo favorable,21:57:00,05:53:00,14
05/07/2022,27,14,10,14,25,26,0,71,10,1025,8.625,26,10,14,113,113,113,0,6,16,météo favorable,21:56:00,05:54:00,14
06/07/2022,27,13,10,13,25,26,0,63,10,1028,13.75,26,12,13,113,113,116,0,6,16,météo favorable,21:56:00,05:55:00,14
07/07/2022,25,16,20,16,22,22,0,79,10,1029,22.875,25,13,16,116,119,113,0,6,16,météo correcte,21:55:00,05:56:00,16
08/07/2022,27,11,15,11,23,26,0,81,10,1032,2.25,26,12,10,113,113,113,0,6,16,météo favorable,21:55:00,05:56:00,12
09/07/2022,31,17,14,17,30,29,0,65,10,1029,9.5,30,13,17,113,113,113,0,7,16,météo idéale,21:54:00,05:57:00,17
10/07/2022,27,13,18,13,23,26,0,74,10,1027,5.25,26,11,12,113,113,113,0,6,16,météo favorable,21:54:00,05:58:00,14
11/07/2022,31,16,14,16,30,30,0,73,10,1024,5.25,29,13,16,113,113,113,0,7,15.9,météo idéale,21:53:00,05:59:00,17
12/07/2022,37,19,6,19,33,35,0,54,10,1023,23,35,11,19,119,113,113,0,7,15.5,météo favorable,21:52:00,06:00:00,20
13/07/2022,40,22,12,22,38,35,0,39,10,1022,11,40,10,22,113,113,113,0,8,14.5,météo correcte,21:51:00,06:01:00,22
14/07/2022,33,21,18,21,32,31,0,56,10,1020,6.75,31,12,21,113,113,113,0,7,14.5,météo idéale,21:51:00,06:02:00,21
15/07/2022,30,15,12,15,27,29,0,58,10,1024,1.625,28,8,15,113,113,113,0,6,14.5,météo idéale,21:50:00,06:03:00,16
16/07/2022,33,16,12,16,30,30,0,51,10,1024,2.5,31,9,16,113,113,113,0,7,14.5,météo idéale,21:49:00,06:04:00,17
17/07/2022,36,17,13,17,33,33,0,54,10,1025,2.125,34,9,17,113,113,113,0,7,14.5,météo idéale,21:48:00,06:05:00,18
18/07/2022,43,22,12,22,40,40,0,30,10,1022,0.875,44,7,22,113,113,113,0,8,14.5,météo défavorable,21:47:00,06:06:00,22
19/07/2022,42,24,21,24,41,41,0,37,9.875,1017,6.875,43,13,24,113,113,113,0,9,14.5,météo correcte,21:46:00,06:07:00,26
20/07/2022,27,19,18,21,20,26,2.5,83,9.625,1019,59,27,17,20,176,353,176,0,6,11.6,météo correcte,21:45:00,06:08:00,21
21/07/2022,30,18,10,18,27,28,0,82,10,1021,37.25,30,15,18,113,119,113,0,6,13.5,météo correcte,21:44:00,06:10:00,19
22/07/2022,30,17,10,17,25,26,0.3,77,10,1020,29.25,30,16,17,113,116,116,0,6,13.5,météo favorable,21:43:00,06:11:00,18
23/07/2022,31,18,11,18,28,29,0.5,93,10,1020,47.625,31,17,18,353,113,113,0,6,13.5,météo favorable,21:42:00,06:12:00,19
24/07/2022,36,19,10,19,33,35,0,74,10,1020,7.625,35,14,19,113,113,113,0,7,14.5,météo favorable,21:40:00,06:13:00,19
25/07/2022,32,20,24,20,26,28,0.1,66,10,1015,32.125,31,13,20,176,116,116,0,7,14.5,météo favorable,21:39:00,06:14:00,23
26/07/2022,26,16,12,16,22,26,0,79,10,1018,39.375,25,13,16,116,122,113,0,6,13.5,météo correcte,21:38:00,06:16:00,17
27/07/2022,29,14,15,14,25,27,0,62,10,1020,8.75,27,8,13,113,113,113,0,6,14.5,météo favorable,21:37:00,06:17:00,16
28/07/2022,30,16,9,16,27,26,0,46,10,1015,47.25,28,7,16,113,116,122,0,6,12.5,météo favorable,21:35:00,06:18:00,17
29/07/2022,31,19,9,19,29,30,0,50,10,1017,41.5,29,10,19,116,116,113,0,6,14.5,météo favorable,21:34:00,06:20:00,21
30/07/2022,33,18,8,18,32,31,0,53,10,1020,30,31,11,18,113,113,119,0,7,13.5,météo favorable,21:32:00,06:21:00,19
31/07/2022,29,18,18,18,29,28,0,76,10,1020,24.25,29,15,18,113,116,116,0,6,13.5,météo favorable,21:31:00,06:22:00,19
01/08/2022,30,19,10,19,28,29,0,78,9.875,1019,22.375,30,15,19,113,116,116,0,7,14.5,météo favorable,21:30:00,06:24:00,19
02/08/2022,36,19,9,19,32,34,0,55,10,1018,11.25,36,14,19,113,113,113,0,7,14.5,météo favorable,21:28:00,06:25:00,20
03/08/2022,39,20,6,20,37,38,0,65,10,1016,7.125,39,14,20,113,113,113,0,8,14.5,météo favorable,21:27:00,06:26:00,21
04/08/2022,34,21,14,21,32,33,0,65,10,1014,23.375,33,14,21,116,116,113,0,7,14.5,météo favorable,21:25:00,06:28:00,22
05/08/2022,30,17,15,17,29,28,0.5,76,9.875,1022,26.875,28,13,17,176,113,113,0,5,14.5,météo idéale,21:23:00,06:29:00,18
06/08/2022,28,14,19,14,25,27,0,50,10,1025,2.25,26,5,13,113,113,113,0,6,14.5,météo favorable,21:22:00,06:30:00,15
07/08/2022,30,14,17,14,27,29,0,59,10,1024,0.5,27,6,13,113,113,113,0,6,14.5,météo favorable,21:20:00,06:32:00,16
08/08/2022,31,15,16,15,29,31,0,59,10,1023,0.75,29,7,15,113,113,113,0,7,14.5,météo idéale,21:19:00,06:33:00,17
09/08/2022,33,17,16,17,31,32,0,65,10,1024,2.625,31,10,17,113,113,113,0,7,14.5,météo idéale,21:17:00,06:34:00,18
10/08/2022,35,19,14,19,35,34,0,52,10,1023,5,34,9,19,113,113,113,0,7,14.5,météo idéale,21:15:00,06:36:00,21
11/08/2022,35,21,21,21,35,34,0,34,10,1018,1.125,33,6,21,113,113,113,0,8,14.5,météo idéale,21:13:00,06:37:00,23
12/08/2022,36,21,18,21,34,35,0,32,10,1016,0.25,35,5,21,113,113,113,0,8,14.5,météo favorable,21:12:00,06:39:00,23
13/08/2022,38,21,10,21,35,36,0,32,10,1015,1.375,36,7,21,113,113,113,0,8,14.5,météo favorable,21:10:00,06:40:00,23
14/08/2022,34,22,11,22,33,30,1.1,34,10,1011,33.5,32,16,22,113,113,176,0,7,12.4,météo favorable,21:08:00,06:42:00,23
15/08/2022,28,19,19,21,23,28,0,72,10,1005,52.375,27,14,19,119,116,116,0,6,13.4,météo favorable,21:06:00,06:43:00,21
16/08/2022,28,19,14,19,25,24,0.3,70,9.875,1008,47.375,28,15,19,116,116,116,0,5,14.5,météo favorable,21:04:00,06:44:00,20
17/08/2022,31,18,10,18,28,25,0.8,79,9.5,1013,48.125,30,16,18,200,176,386,0,6,11.3,météo favorable,21:03:00,06:46:00,19
18/08/2022,30,18,10,18,30,29,0.2,77,10,1015,24.25,30,16,18,113,113,113,0,6,14.5,météo idéale,21:01:00,06:47:00,19
19/08/2022,27,18,14,18,27,25,0.4,78,9.875,1018,47,27,17,18,113,119,176,0,6,8.2,météo correcte,20:59:00,06:49:00,19
20/08/2022,26,15,11,15,25,25,2.1,84,10,1020,22.375,26,17,15,113,113,116,0,5,11.6,météo idéale,20:57:00,06:50:00,17
21/08/2022,30,16,3,16,25,27,0,69,10,1019,11,29,12,16,113,113,116,0,6,11.6,météo idéale,20:55:00,06:51:00,17
22/08/2022,27,19,10,19,24,27,0,57,10,1015,50.75,26,13,19,116,116,116,0,5,11.6,météo favorable,20:53:00,06:53:00,19
23/08/2022,31,19,4,19,31,29,0,81,10,1016,32.875,31,17,19,113,113,116,0,6,11.6,météo favorable,20:51:00,06:54:00,20
24/08/2022,37,21,5,21,33,34,0,57,10,1016,15.75,36,13,21,113,113,113,0,8,11.6,météo favorable,20:49:00,06:56:00,22
25/08/2022,34,22,13,23,34,26,0,39,10,1016,24.75,33,16,23,113,113,116,0,7,11.6,météo idéale,20:47:00,06:57:00,24
26/08/2022,28,18,14,18,27,25,0.1,80,10,1017,42.375,28,15,18,116,116,116,0,5,10.4,météo favorable,20:45:00,06:59:00,20
27/08/2022,30,16,12,16,25,28,0,78,10,1017,9,28,14,16,113,113,113,0,6,11.6,météo idéale,20:43:00,07:00:00,18
28/08/2022,31,15,13,15,28,27,0,71,10,1017,6.75,29,11,15,113,113,113,0,6,11.6,météo idéale,20:41:00,07:02:00,17
29/08/2022,29,16,17,16,26,27,0,56,10,1017,11.625,28,9,16,113,113,113,0,6,11.6,météo idéale,20:39:00,07:03:00,17
30/08/2022,31,16,14,16,26,28,0,58,10,1017,5.375,30,11,16,113,113,113,0,6,11.6,météo idéale,20:37:00,07:04:00,17
31/08/2022,30,16,6,16,28,29,0,76,10,1020,12.5,29,13,16,113,113,113,0,6,11.6,météo idéale,20:35:00,07:06:00,16
01/09/2022,29,17,18,17,27,28,0,71,10,1017,16.125,27,12,17,113,113,113,0,6,11.6,météo idéale,20:33:00,07:07:00,19
02/09/2022,26,17,12,17,22,24,1.5,86,9.75,1013,69.625,26,16,17,176,353,176,0,5,7.9,météo défavorable,20:31:00,07:09:00,19
03/09/2022,25,17,13,17,21,25,0.4,88,9.875,1012,58.375,26,15,17,119,122,116,0,5,7.8,météo correcte,20:29:00,07:10:00,18
04/09/2022,32,16,9,16,29,29,0,75,10,1016,23.625,30,13,16,113,113,116,0,7,10.3,météo idéale,20:27:00,07:12:00,17
05/09/2022,25,19,14,20,23,25,3.1,66,9.625,1018,69.25,27,20,20,176,176,176,0,6,6.6,météo défavorable,20:25:00,07:13:00,20
06/09/2022,30,17,13,17,25,27,0.4,81,10,1017,36.625,29,16,17,176,116,116,0,5,11.6,météo favorable,20:23:00,07:14:00,18
07/09/2022,25,17,19,17,22,20,0.5,76,9.875,1015,57.75,25,13,17,176,116,176,0,6,10.3,météo correcte,20:20:00,07:16:00,19
08/09/2022,22,15,21,15,21,22,0.4,87,9.75,1012,70.375,24,13,15,116,176,176,0,4,6.5,météo défavorable,20:18:00,07:17:00,16
09/09/2022,21,15,22,15,20,20,0.4,86,10,1012,67.5,24,13,14,122,119,353,0,5,6.5,météo défavorable,20:16:00,07:19:00,15
10/09/2022,22,15,15,15,20,22,0,77,10,1017,61.375,24,12,15,119,122,116,0,5,7.8,météo correcte,20:14:00,07:20:00,15
11/09/2022,26,14,7,14,23,25,0,83,10,1018,17.625,26,12,15,113,113,113,0,6,11.6,météo favorable,20:12:00,07:22:00,16
12/09/2022,30,16,12,16,29,29,0,73,10,1015,10,28,12,16,113,113,113,0,6,11.6,météo idéale,20:10:00,07:23:00,17
13/09/2022,29,22,6,22,23,27,0.1,46,10,1009,48,29,19,22,119,116,116,0,6,11.6,météo favorable,20:08:00,07:24:00,22
14/09/2022,27,18,12,18,22,24,3.5,93,9.625,1007,70.5,28,18,18,176,353,176,0,5,7.7,météo défavorable,20:06:00,07:26:00,19
15/09/2022,25,18,13,18,23,23,0.3,84,10,1011,59.5,25,17,18,176,113,113,0,5,11.6,météo correcte,20:04:00,07:27:00,18
16/09/2022,18,13,11,14,16,17,0,74,10,1017,38.625,18,11,13,113,116,116,0,5,10.3,météo favorable,20:02:00,07:29:00,15
17/09/2022,17,11,21,11,14,15,0.1,75,10,1023,49.375,17,8,9,116,176,116,0,4,9,météo correcte,20:00:00,07:30:00,11
18/09/2022,17,10,19,10,17,16,0,67,10,1021,52.75,17,7,9,113,116,122,0,4,7.5,météo correcte,19:57:00,07:31:00,11
19/09/2022,19,11,10,11,17,18,0,67,10,1025,41.125,19,6,11,113,116,116,0,5,11.6,météo favorable,19:55:00,07:33:00,12
20/09/2022,18,10,13,10,17,18,0,67,10,1025,37.25,18,7,10,113,113,122,0,5,7.5,météo favorable,19:53:00,07:34:00,11
21/09/2022,21,11,13,11,19,20,0,71,10,1026,8,23,8,10,113,113,113,0,5,11.6,météo favorable,19:51:00,07:36:00,12
22/09/2022,21,11,10,11,19,20,0,56,10,1024,27.125,23,3,11,113,119,116,0,5,10.2,météo correcte,19:49:00,07:37:00,12
23/09/2022,21,12,6,12,19,20,0,56,10,1019,46.25,23,4,11,113,122,122,0,5,7.4,météo correcte,19:47:00,07:39:00,13
24/09/2022,16,13,17,13,16,16,0.3,83,10,1014,86.625,16,10,12,122,122,176,0,3,6,météo défavorable,19:45:00,07:40:00,14
25/09/2022,17,12,9,12,15,16,0,86,10,1014,56.375,17,11,12,119,122,116,0,4,7.4,météo correcte,19:43:00,07:41:00,12
26/09/2022,17,12,26,13,17,13,1.7,77,8.875,1013,77,17,11,12,119,119,296,0,4,6,météo défavorable,19:41:00,07:43:00,12
27/09/2022,14,9,20,9,13,14,0.4,76,9.875,1008,59.75,14,8,7,119,116,176,0,3,6,météo correcte,19:38:00,07:44:00,10
28/09/2022,16,12,16,12,15,15,0.4,67,10,1003,62.375,16,11,11,116,119,176,0,3,7.4,météo correcte,19:36:00,07:46:00,13
29/09/2022,15,10,12,11,12,14,0.5,75,10,1007,51.625,15,8,9,116,176,353,0,4,7.4,météo correcte,19:34:00,07:47:00,10
30/09/2022,21,9,7,9,19,18,0,63,10,1011,14.375,21,5,9,113,113,113,0,5,11.6,météo favorable,19:32:00,07:49:00,10
